id,prelim_label
cz6nfd,SI
htdr5h,MH
pl9suy,SI
1cxy401,MH
1gvr6o6,HUMOR
1gz9jqd,HUMOR
1h3sp8i,HUMOR
1h9cpog,HUMOR
1hs2du9,HUMOR
1i313bj,HUMOR
1i3s54c,HUMOR
1i7p2m7,HUMOR
1ifq8vj,HUMOR
1ih1oa5,MH
1ikae0s,MH
1j4ftxp,HUMOR
1jdfja7,MH
1jys8x9,MH
1kdz4tn,HUMOR
1ld6iqm,HUMOR
1liyg5j,HUMOR
1lrokf5,HUMOR
1luqkn9,HUMOR
1lzc8tr,HUMOR
1mcu019,HUMOR
1mdjuyd,NEU
1mg3vcw,HUMOR
1mgh9zj,HUMOR
1mjtato,HUMOR
1mkdyfl,HUMOR
1mkuvbt,HUMOR
1moa3a9,HUMOR
1mocn77,HUMOR
1mozyol,HUMOR
1mp7l4v,HUMOR
1mpzkn9,HUMOR
1mqpdcd,HUMOR
1mr6pqf,HUMOR
1msdvkw,HUMOR
1mtmy1e,HUMOR
1mw77gd,HUMOR
1mxabjb,HUMOR
1mxv8xo,HUMOR
1mxxwf6,HUMOR
1mypxs1,HUMOR
1myrhin,HUMOR
1mzq9wt,HUMOR
1n0tswv,HUMOR
1n1wrvb,HUMOR
1n4e7ip,HUMOR
1n5qo81,HUMOR
1n6379h,HUMOR
1n6g9rv,HUMOR
1n6nca8,HUMOR
1na8nt1,HUMOR
1nbdqp0,HUMOR
1nbshq2,HUMOR
1ndn6df,HUMOR
1ndop1z,HUMOR
1ndvw9w,HUMOR
1ne99pd,HUMOR
1nel3s5,MH
1nepriu,MH
1net1we,HUMOR
1nextve,MH
1ney3y4,HUMOR
1nf0ru4,MH
1nf4hug,MH
1nf5dgz,SI
1nf68lp,MH
1nf77u8,SI
1nf7mw4,MH
1nf82r1,MH
1nf8dru,SI
1nf8fcu,MH
1nf8sh5,MH
1nfaofb,MH
1nfawae,SI
1nfbh54,MH
1nfbob8,SI
1nfbs8c,MH
1nfclek,MH
1nfcyjb,MH
1nfdbgi,MH
1nfddij,SI
1nfdsaq,MH
1nfe7q6,SI
1nfeu07,MH
1nffths,MH
1nffvj5,MH
1nfh0xg,MH
1nfhrlg,MH
1nfhzc0,HUMOR
1nfi50v,SI
1nfildc,MH
1nfjkdw,MH
1nfkqxs,SI
1nfkxb8,MH
1nflb4x,MH
1nflbc7,MH
1nflddt,MH
1nflfxb,MH
1nfm3vc,MH
1nfm3ve,SI
1nfmbts,MH
1nfn3um,SI
1nfn678,MH
1nfnegd,MH
1nfnl45,MH
1nfnxsb,MH
1nfo4ts,MH
1nfo8zw,SI
1nfoful,MH
1nfoltb,SI
1nfon1s,MH
1nfp32q,MH
1nfpajf,MH
1nfpe5p,MH
1nfpfrb,MH
1nfpl0t,SI
1nfpspl,MH
1nfpyuy,MH
1nfq1hl,SI
1nfq21s,MH
1nfq628,MH
1nfqcuv,MH
1nfqi7a,SI
1nfqmma,HUMOR
1nfr6lf,MH
1nfrcq4,SI
1nfri1n,SI
1nfrjmd,SI
1nfrtm0,SI
1nfs21v,SI
1nfsd1a,MH
1nfsimg,MH
1nfsn23,SI
1nfsndw,MH
1nfssvl,MH
1nft1jh,SI
1nft21z,MH
1nftb6n,SI
1nftbg2,MH
1nftci2,SI
1nftiio,SI
1nftjg3,MH
1nftlc0,SI
1nftmd3,SI
1nftn5n,MH
1nftr6c,SI
1nftt23,MH
1nfttpr,MH
1nftz1j,SI
1nfu0ww,MH
1nfu6kw,MH
1nfubt2,SI
1nfuejz,MH
1nfuhad,SI
1nful5c,SI
1nfup4t,MH
1nfutyx,SI
1nfuyh8,MH
1nfv0xp,SI
1nfv4ov,MH
1nfv4zx,SI
1nfv5py,MH
1nfvass,MH
1nfvc8f,SI
1nfvc8t,SI
1nfvfie,MH
1nfvg4i,MH
1nfvgfl,MH
1nfvjvv,MH
1nfvllj,SI
1nfvm6n,MH
1nfvo0g,MH
1nfvsln,SI
1nfvuvb,MH
1nfvwfw,MH
1nfvyfn,SI
1nfw4kz,SI
1nfw4ut,MH
1nfw4vv,MH
1nfw5cn,MH
1nfw5p9,MH
1nfw6gf,MH
1nfwexp,SI
1nfwfnu,MH
1nfxq3v,MH
1nfzzo9,HUMOR
1ng3ywj,HUMOR
1ng4bw0,MH
1ng8zsj,MH
1nghyez,MH
1ngi78i,HUMOR
1ngjkn5,HUMOR
1ngjng5,MH
1ngkn2g,MH
1ngl5o1,HUMOR
1nglurw,MH
1nglx26,HUMOR
1ngmip6,HUMOR
1ngn358,MH
1ngnlcm,SI
1ngon3o,MH
1ngpyqk,MH
1ngqhxr,MH
1ngqsws,MH
1ngrb25,MH
1ngs7pr,HUMOR
1ngs9vn,MH
1ngsc4c,MH
1ngsrqh,HUMOR
1ngst1b,MH
1ngtc96,MH
1ngtnlw,SI
1ngtsuj,SI
1ngug9v,MH
1ngviqx,MH
1ngwl5h,MH
1ngwm26,MH
1ngx9yz,MH
1ngxb41,MH
1ngxn75,MH
1ngxrss,MH
1ngxy2r,MH
1ngyhil,MH
1ngym5i,SI
1ngzope,MH
1ngzvj6,SI
1nh02jn,MH
1nh0iea,MH
1nh0uwk,MH
1nh0vz3,MH
1nh1cuq,SI
1nh1hoa,MH
1nh1zl3,SI
1nh1zmu,MH
1nh2kus,MH
1nh31m2,MH
1nh3e7w,SI
1nh3i8j,MH
1nh3mcb,MH
1nh3q89,SI
1nh3t57,MH
1nh4107,MH
1nh4hgl,MH
1nh4ovv,MH
1nh4s9r,MH
1nh5ig6,MH
1nh5nsq,MH
1nh5q95,MH
1nh5rkl,SI
1nh5sw7,MH
1nh60y2,MH
1nh63bt,MH
1nh66iy,SI
1nh67ml,MH
1nh6obi,MH
1nh6tz5,MH
1nh72qq,MH
1nh7bjm,SI
1nh7jmi,SI
1nh7mh3,MH
1nh7w1q,SI
1nh81h0,SI
1nh8393,MH
1nh86q9,MH
1nh88gq,SI
1nh8bf7,SI
1nh8bj2,SI
1nh8mnn,SI
1nh8wgd,MH
1nh8wz5,SI
1nh9ab9,MH
1nh9hes,MH
1nh9jt7,SI
1nh9nww,MH
1nh9qv0,MH
1nh9sih,SI
1nha7dh,MH
1nha9x5,MH
1nhabxi,MH
1nhacdp,SI
1nhaeis,SI
1nhagef,SI
1nhajrt,SI
1nhallj,MH
1nhanfe,MH
1nhanr0,SI
1nhap2i,SI
1nhapgg,MH
1nharrm,MH
1nhaskv,SI
1nhavfw,MH
1nhazl8,SI
1nhb0be,MH
1nhb3gw,MH
1nhb6ra,SI
1nhb77j,MH
1nhb886,SI
1nhb9qv,MH
1nhbbnq,SI
1nhbdq0,MH
1nhbi4n,MH
1nhbjv5,SI
1nhbkm6,MH
1nhbl46,SI
1nhbq05,MH
1nhbqqu,MH
1nhbzgz,SI
1nhc10w,MH
1nhc2qv,SI
1nhc4je,SI
1nhc6gu,MH
1nhc705,MH
1nhcc7a,MH
1nhcfqb,MH
1nhcicb,MH
1nhcir1,SI
1nhckqc,HUMOR
1nhcmsa,MH
1nhcmsh,MH
1nhcooy,MH
1nhcpr3,MH
1nhcriv,HUMOR
1nhcszo,SI
1nhct0s,MH
1nhcvdf,SI
1nhcwj8,SI
1nhcxww,SI
1nhcz2f,MH
1nhczzv,SI
1nhd1jw,SI
1nhd1ln,MH
1nhd2nl,MH
1nhd5ug,SI
1nhd99w,SI
1nhd9cu,MH
1nhdahw,MH
1nhdflb,HUMOR
1nhdkuw,MH
1nhdpu2,SI
1nhdrxj,MH
1nhdtep,MH
1nhdva1,MH
1nhdwbf,MH
1nhdwrf,MH
1nhdyqh,MH
1nhe0vk,SI
1nhe19c,SI
1nhe3nt,MH
1nhe4ne,MH
1nhe8w2,MH
1nhec9g,MH
1nhecqt,MH
1nhedbs,SI
1nhedqd,MH
1nheh9m,MH
1nhekcs,SI
1nhem7k,HUMOR
1nhemz6,SI
1nhen91,MH
1nheqkl,MH
1nhetrc,SI
1nheu3i,SI
1nhevp4,MH
1nhew1m,MH
1nhewak,MH
1nhewlw,MH
1nhexen,SI
1nhf8tc,MH
1nhfehf,SI
1nhfhs4,SI
1nhficu,SI
1nhfiwk,MH
1nhfk74,MH
1nhfr1k,MH
1nhfucm,MH
1nhfuys,MH
1nhfwrx,MH
1nhfzmv,MH
1nhg1eb,HUMOR
1nhg37q,MH
1nhg9vr,MH
1nhg9xf,MH
1nhgdhv,MH
1nhgg7b,HUMOR
1nhghy5,SI
1nhgjiz,MH
1nhgkgk,MH
1nhgkor,MH
1nhgm2j,MH
1nhgn81,MH
1nhgp1i,MH
1nhgp98,MH
1nhgq34,MH
1nhgssf,MH
1nhgwvq,MH
1nhi66p,MH
1nhic97,MH
1nhj047,MH
1nhk95o,HUMOR
1nhkskr,HUMOR
1nhlflr,MH
1nhmeyk,MH
1nhokm4,MH
1nhor8e,MH
1nhpsnt,MH
1nhpyw3,HUMOR
1nhq3px,SI
1nhq4uv,MH
1nhqfsa,MH
1nhqyuk,SI
1nhr5ks,MH
1nhr92j,MH
1nhricr,MH
1nhrryc,SI
1nhs6md,SI
1nhshtb,MH
1nhsjcu,MH
1nhsoel,HUMOR
1nht013,MH
1nht4yk,MH
1nhtiae,MH
1nhtvfw,MH
1nhupd9,MH
1nhurgf,MH
1nhuujp,SI
1nhux3g,MH
1nhv39c,SI
1nhw0yf,MH
1nhw50n,MH
1nhwd2t,SI
1nhx2we,SI
1nhx6pr,MH
1nhxt5i,SI
1nhyk6b,MH
1nhys9l,MH
1nhyuhu,SI
1nhzdr5,MH
1nhzeoq,MH
1nhzp6v,SI
1nhzym0,MH
1ni0cee,MH
1ni0nxi,MH
1ni174y,MH
1ni1dm7,SI
1ni1eav,SI
1ni1g00,MH
1ni1i84,MH
1ni1lqt,MH
1ni1tt2,MH
1ni1zo7,MH
1ni27kd,SI
1ni29ln,MH
1ni2ago,SI
1ni2nu3,MH
1ni37ei,SI
1ni39qb,MH
1ni3ajz,MH
1ni3hk9,SI
1ni3hrq,MH
1ni3ksq,MH
1ni3ky4,MH
1ni3ll2,MH
1ni43wx,MH
1ni46fa,SI
1ni4bnj,SI
1ni4d4g,SI
1ni4gvt,SI
1ni4nyh,MH
1ni4rdi,SI
1ni4tal,MH
1ni56v2,SI
1ni5c80,SI
1ni5hoq,MH
1ni5jhn,MH
1ni5qw8,MH
1ni5w1w,MH
1ni5w6j,MH
1ni5zad,SI
1ni5zjm,MH
1ni5zw4,MH
1ni61ob,MH
1ni657x,MH
1ni65a7,MH
1ni65ug,MH
1ni66du,SI
1ni673y,SI
1ni6c6l,MH
1ni6h11,SI
1ni6jeu,SI
1ni6k8o,MH
1ni6l9o,MH
1ni6sye,MH
1ni6w9i,SI
1ni6xf3,SI
1ni6xzu,SI
1ni6z7x,MH
1ni70vo,MH
1ni726h,MH
1ni7279,SI
1ni751m,MH
1ni789n,SI
1ni7ece,MH
1ni7hbe,SI
1ni7hff,MH
1ni7ihp,SI
1ni7ngv,SI
1ni7on1,MH
1ni7owb,MH
1ni7pi5,MH
1ni7vux,SI
1ni7w9j,SI
1ni7wws,MH
1ni7x71,HUMOR
1ni81cn,SI
1ni8jia,SI
1ni8o78,MH
1ni8t01,SI
1ni8umz,MH
1ni8ypw,MH
1ni91q3,MH
1ni92ii,MH
1ni96zm,MH
1ni97ql,MH
1ni9868,MH
1ni98xj,SI
1ni9apg,MH
1ni9br4,SI
1ni9c34,SI
1ni9guy,SI
1ni9h7o,SI
1ni9jqs,SI
1ni9jse,SI
1ni9kwu,MH
1ni9pum,MH
1ni9ram,MH
1ni9sq1,MH
1ni9t5h,MH
1ni9w0p,MH
1ni9xap,MH
1ni9ymz,MH
1ni9zob,MH
1nia0dv,MH
1nia9gt,MH
1niaau6,SI
1niacjb,SI
1niaj75,MH
1niam04,SI
1niangp,SI
1niasp3,MH
1niat4b,MH
1niavgc,MH
1nib29t,MH
1nib2fh,SI
1nib3r4,MH
1nib80p,MH
1nib837,SI
1nibazo,MH
1nibdc7,MH
1nibfcu,SI
1nibkev,MH
1niblfm,MH
1niblm5,MH
1nibn47,SI
1nibtrf,HUMOR
1nibxx2,MH
1nic915,MH
1nicedr,MH
1nicel6,SI
1nicfdk,MH
1nich1f,MH
1nici78,HUMOR
1nicm3y,MH
1nicmbc,MH
1nicnsb,MH
1nicqlf,SI
1nicry0,MH
1nicvsl,SI
1nid10n,SI
1nid6jl,SI
1nid6sl,MH
1nid992,SI
1nid9ls,MH
1niddkh,MH
1nidhmy,SI
1nidhvn,MH
1nidifa,MH
1nidik2,MH
1nidjbq,MH
1nidjin,MH
1nidqjz,MH
1nidqmv,SI
1nidu1l,MH
1nidv4a,MH
1nieitj,HUMOR
1nif61f,HUMOR
1nigqk4,HUMOR
1nila10,HUMOR
1nimb52,HUMOR
1niml1l,HUMOR
1nishd7,HUMOR
1niu94q,HUMOR
1nivkdn,HUMOR
1niyn5p,HUMOR
1niz1ru,HUMOR
1nj03m0,HUMOR
1nj0cpx,SI
1nj0i7l,HUMOR
1nj1553,HUMOR
1nj17mo,HUMOR
1nj280o,HUMOR
1nj2h1o,HUMOR
1nj39bd,HUMOR
1nj49zv,HUMOR
1nj6jue,HUMOR
1nj6pvl,HUMOR
1nj6rxs,HUMOR
1nj6s7y,HUMOR
1nj6v3r,HUMOR
1nj7fe5,HUMOR
1nj7k1o,HUMOR
1nj7zli,HUMOR
1nj8v04,HUMOR
1nj95x8,HUMOR
1nj9wxe,HUMOR
1njahbb,HUMOR
1njavdz,HUMOR
1njc0gu,HUMOR
1njcbw6,HUMOR
1njcpsh,HUMOR
1njcr1r,HUMOR
1njd4jn,HUMOR
1njd5ul,HUMOR
1njdn6p,HUMOR
1njdq8y,HUMOR
1nje0bd,HUMOR
1nje320,SI
1nje50n,HUMOR
1njeaei,HUMOR
1njet7l,HUMOR
1njf2bg,HUMOR
1njg5p8,HUMOR
1njgzri,HUMOR
1njh0sv,HUMOR
1njhfoy,HUMOR
1njhhsn,HUMOR
1njhvvj,SI
1nji0n0,HUMOR
1njj1tj,HUMOR
1njj289,HUMOR
1njkcok,HUMOR
1njkehz,HUMOR
1njkg1t,HUMOR
1njkq90,HUMOR
1njkulj,HUMOR
1njl09a,HUMOR
1njlpf9,HUMOR
1njlw17,SI
1njlwew,MH
1njlxeo,HUMOR
1njly95,HUMOR
1njmewb,MH
1njmgbu,HUMOR
1njmwk7,SI
1njmwmt,HUMOR
1njn9zr,HUMOR
1njnjb1,HUMOR
1njnoob,HUMOR
1njnrga,SI
1njodxw,HUMOR
1njof8l,HUMOR
1njors7,HUMOR
1njp046,HUMOR
1njp120,HUMOR
1njp3ye,HUMOR
1njpbq8,HUMOR
1njplfs,HUMOR
1njq0jy,MH
1njq1fi,HUMOR
1njq333,HUMOR
1njq56e,HUMOR
1njqu9c,HUMOR
1njrhq3,MH
1njrhsc,SI
1njrudz,HUMOR
1njs3iv,HUMOR
1njsegp,SI
1njsjnn,HUMOR
1njslvf,MH
1njsmqp,HUMOR
1njsv7p,HUMOR
1njswpe,SI
1njt2tw,HUMOR
1njt3gn,SI
1njtde4,MH
1njtekh,HUMOR
1njtug6,HUMOR
1njtvf1,SI
1nju3qq,HUMOR
1njueib,HUMOR
1njuh4x,HUMOR
1njuhca,HUMOR
1njunfg,MH
1njv72d,SI
1njv92l,HUMOR
1njvgto,HUMOR
1njvm1z,SI
1njvw2w,HUMOR
1njw3u1,HUMOR
1njwnp1,HUMOR
1njwt90,HUMOR
1njwuu6,HUMOR
1njwxas,HUMOR
1njwzli,SI
1njx1lu,HUMOR
1njx90a,HUMOR
1njxmn1,SI
1njxrg5,SI
1njy2a5,HUMOR
1njy4g6,MH
1njy71x,HUMOR
1njydjb,HUMOR
1njygzq,HUMOR
1njync1,SI
1njyun4,SI
1njyzup,MH
1njz6t7,HUMOR
1njz6yj,HUMOR
1njz9b9,HUMOR
1njzwlu,HUMOR
1nk01xk,SI
1nk06rj,SI
1nk09mb,MH
1nk0bnn,MH
1nk0bxl,SI
1nk0fw5,SI
1nk0glk,HUMOR
1nk0j59,HUMOR
1nk0pz1,SI
1nk0q4y,MH
1nk0qp9,HUMOR
1nk0uhf,SI
1nk0whw,HUMOR
1nk10z9,MH
1nk17hs,HUMOR
1nk17lb,HUMOR
1nk18jx,HUMOR
1nk19q3,SI
1nk1cet,SI
1nk1dob,HUMOR
1nk1nnn,HUMOR
1nk1sj3,HUMOR
1nk1yve,MH
1nk1yw7,SI
1nk1zdw,MH
1nk25xr,MH
1nk26b8,SI
1nk2ej5,SI
1nk2fsm,MH
1nk2na6,NEU
1nk2nez,SI
1nk2rot,HUMOR
1nk2t1x,SI
1nk2v2v,MH
1nk2xqh,HUMOR
1nk2zxc,SI
1nk3116,MH
1nk348l,HUMOR
1nk34hx,HUMOR
1nk3bam,HUMOR
1nk3cb4,HUMOR
1nk3cb9,SI
1nk3eu1,SI
1nk3exf,SI
1nk3f0g,SI
1nk3f21,HUMOR
1nk3is2,HUMOR
1nk3iy6,MH
1nk3m84,HUMOR
1nk3m8v,HUMOR
1nk3mke,SI
1nk3ml6,HUMOR
1nk3p20,HUMOR
1nk3rze,HUMOR
1nk3t0v,SI
1nk3u02,MH
1nk3x3i,HUMOR
1nk3yln,MH
1nk40cy,HUMOR
1nk46g5,HUMOR
1nk47nq,SI
1nk487j,HUMOR
1nk4a4z,MH
1nk4bm4,HUMOR
1nk4hur,MH
1nk4kse,HUMOR
1nk4lot,HUMOR
1nk4pbi,SI
1nk4qce,HUMOR
1nk4smu,HUMOR
1nk4t9x,HUMOR
1nk4uex,HUMOR
1nk4unl,MH
1nk4v6x,SI
1nk4xou,SI
1nk4z8c,SI
1nk50hr,HUMOR
1nk52kr,SI
1nk5575,HUMOR
1nk579t,HUMOR
1nk57am,HUMOR
1nk5abw,HUMOR
1nk5b5m,SI
1nk5g8f,HUMOR
1nk5glk,HUMOR
1nk5hag,NEU
1nk5hfp,MH
1nk5hsu,MH
1nk5i1y,MH
1nk5lmo,NEU
1nk5nzp,MH
1nk5qtf,NEU
1nk5r4t,NEU
1nk5s7o,NEU
1nk5x28,MH
1nk5x9m,SI
1nk6182,HUMOR
1nk62lq,NEU
1nk66y1,HUMOR
1nk675t,MH
1nk67v8,SI
1nk68i8,HUMOR
1nk6aj3,SI
1nk6bym,NEU
1nk6der,NEU
1nk6fs8,SI
1nk6fwm,MH
1nk6hh8,MH
1nk6kbb,MH
1nk6myw,MH
1nk6nup,HUMOR
1nk6p58,MH
1nk6plq,MH
1nk6spc,MH
1nk6t98,HUMOR
1nk6wy0,NEU
1nk6zny,HUMOR
1nk713u,MH
1nk74br,HUMOR
1nk74qv,SI
1nk752u,MH
1nk7cqt,MH
1nk7fve,MH
1nk7fzq,SI
1nk7gsf,HUMOR
1nk7gxx,NEU
1nk7jvs,MH
1nk7kk0,SI
1nk7vec,HUMOR
1nk803f,MH
1nk82c8,HUMOR
1nk85om,HUMOR
1nk89co,NEU
1nk8dk7,MH
1nk8f3e,NEU
1nk8n99,HUMOR
1nk8ozv,HUMOR
1nk8rbr,NEU
1nk8str,MH
1nk8vu4,SI
1nk8y5d,HUMOR
1nk8zy6,HUMOR
1nk903l,MH
1nk912e,MH
1nk92x2,SI
1nk930s,MH
1nk93g6,MH
1nk97bt,HUMOR
1nk9fqk,HUMOR
1nk9fu1,NEU
1nk9g35,HUMOR
1nk9gcn,SI
1nk9ipz,MH
1nk9jsk,SI
1nk9k7d,HUMOR
1nk9wjy,HUMOR
1nka4tz,HUMOR
1nka8u7,NEU
1nkafl2,HUMOR
1nkafp1,HUMOR
1nkb82v,HUMOR
1nkb8ie,HUMOR
1nkb96o,NEU
1nkbki6,HUMOR
1nkbl4i,HUMOR
1nkbmdb,NEU
1nkbuj2,HUMOR
1nkbzo3,MH
1nkcvby,HUMOR
1nkcx5u,MH
1nkcytz,NEU
1nkczum,HUMOR
1nkd2st,HUMOR
1nkd9ed,NEU
1nkdg2f,NEU
1nkdo3i,NEU
1nkdukc,HUMOR
1nkdvhm,HUMOR
1nkdwj5,HUMOR
1nkdxox,HUMOR
1nkdy6m,HUMOR
1nked4d,HUMOR
1nkem0i,HUMOR
1nkexe7,HUMOR
1nkfaw6,HUMOR
1nkfg2x,MH
1nkfigs,NEU
1nkfp03,SI
1nkg9a0,MH
1nkgia3,HUMOR
1nkgl36,HUMOR
1nkgsjh,MH
1nkgwgd,SI
1nkgzhd,HUMOR
1nkh32l,SI
1nkhjp7,MH
1nkhtby,MH
1nkhtjm,HUMOR
1nkhui6,HUMOR
1nkhuwb,NEU
1nkhxf1,HUMOR
1nkhyq1,MH
1nkihwz,HUMOR
1nkipuo,HUMOR
1nkiyza,MH
1nkj5mw,HUMOR
1nkj5sa,MH
1nkjesy,HUMOR
1nkjkfy,HUMOR
1nkjkq6,HUMOR
1nkk927,MH
1nkkah2,HUMOR
1nkkc2g,HUMOR
1nkki7y,HUMOR
1nkkoxk,HUMOR
1nkkwk1,SI
1nkl3bk,HUMOR
1nkla8p,NEU
1nklbvl,NEU
1nkljot,HUMOR
1nklo7o,SI
1nklrpp,MH
1nkm6vp,SI
1nkm79y,HUMOR
1nkm8cm,HUMOR
1nkm8yo,NEU
1nkmclm,HUMOR
1nkme8x,MH
1nkmfz8,NEU
1nkmvcw,MH
1nkn0ar,SI
1nkn7ci,MH
1nkni0u,MH
1nknmt8,MH
1nknrm0,HUMOR
1nknvf2,MH
1nko00w,HUMOR
1nkocos,HUMOR
1nkodrd,MH
1nkoqf8,MH
1nkorkv,HUMOR
1nkotsz,MH
1nkoxo0,MH
1nkp3cl,HUMOR
1nkp4kb,SI
1nkp9si,HUMOR
1nkpc28,MH
1nkpfx5,MH
1nkpl8l,MH
1nkpqzm,MH
1nkptaq,HUMOR
1nkq2ia,MH
1nkq2zq,HUMOR
1nkq3cv,HUMOR
1nkq4tp,HUMOR
1nkqig3,MH
1nkqo86,MH
1nkqyt3,MH
1nkr3fz,MH
1nkr8qn,NEU
1nkrctg,NEU
1nkrjk4,MH
1nkroxz,MH
1nkrqhy,NEU
1nkrtgu,MH
1nkruo5,MH
1nkrztq,MH
1nks279,MH
1nks67v,HUMOR
1nks6t2,MH
1nks7h9,MH
1nks89i,HUMOR
1nks8ql,MH
1nksame,HUMOR
1nksgrr,MH
1nksi2c,MH
1nksic0,MH
1nksj78,SI
1nksmc8,HUMOR
1nksp34,SI
1nkspvt,MH
1nksr1m,NEU
1nkss4g,MH
1nksubk,SI
1nksw7c,SI
1nkszah,NEU
1nkt5is,HUMOR
1nktc1s,HUMOR
1nktc86,SI
1nktd43,HUMOR
1nktdan,MH
1nktjzn,HUMOR
1nktmc7,HUMOR
1nktmrs,MH
1nkto5q,HUMOR
1nkto84,SI
1nktqu4,MH
1nktrq2,SI
1nkttax,MH
1nku0yf,HUMOR
1nku7uq,NEU
1nku9fn,MH
1nkuafy,HUMOR
1nkujkh,HUMOR
1nkujxl,SI
1nkuk2t,SI
1nkum45,MH
1nkumvt,HUMOR
1nkuqip,HUMOR
1nkut3t,HUMOR
1nkuwvv,HUMOR
1nkux5d,NEU
1nkv542,HUMOR
1nkv7h3,NEU
1nkvb3r,HUMOR
1nkvchj,HUMOR
1nkveb8,NEU
1nkvem5,NEU
1nkvg0c,MH
1nkvgrr,HUMOR
1nkvi1e,MH
1nkvix5,MH
1nkvj7w,NEU
1nkvjmj,MH
1nkvjtc,SI
1nkvkk6,HUMOR
1nkvkod,NEU
1nkvl7k,MH
1nkvq9y,MH
1nkvtpb,NEU
1nkvv0m,MH
1nkvwte,HUMOR
1nkvy9w,HUMOR
1nkw02l,SI
1nkw05x,MH
1nkw5dy,NEU
1nkwbwg,MH
1nkwd4j,NEU
1nkwdif,NEU
1nkwdlz,MH
1nkwgab,MH
1nkwis4,NEU
1nkwkug,HUMOR
1nkwl9i,MH
1nkwm2d,MH
1nkwoir,SI
1nkwxnl,NEU
1nkwxs0,MH
1nkwzzp,SI
1nkx0n5,HUMOR
1nkx1mg,SI
1nkx235,HUMOR
1nkx2c6,HUMOR
1nkx49q,MH
1nkx54u,SI
1nkx5rn,NEU
1nkx7jq,MH
1nkx7l6,HUMOR
1nkx8ui,MH
1nkxd7t,NEU
1nkxdev,NEU
1nkxemn,SI
1nkxf5v,NEU
1nkxfbd,HUMOR
1nkxfrz,MH
1nkxhwr,HUMOR
1nkxifs,HUMOR
1nkxj88,HUMOR
1nkxjaj,HUMOR
1nkxljt,SI
1nkxojk,HUMOR
1nkxoxc,HUMOR
1nkxq8q,MH
1nkxscm,MH
1nkxt84,MH
1nkxumc,MH
1nkxwsi,MH
1nkxzi9,HUMOR
1nky24w,MH
1nky42y,HUMOR
1nky4bz,HUMOR
1nky4m0,MH
1nky56c,MH
1nky85p,SI
1nky9nq,MH
1nkyb0o,SI
1nkyd8j,HUMOR
1nkye1u,HUMOR
1nkyeu0,SI
1nkyfc2,NEU
1nkyisg,MH
1nkylol,MH
1nkymay,MH
1nkynff,NEU
1nkyp1g,MH
1nkyp6m,SI
1nkyq4e,HUMOR
1nkyr63,MH
1nkyumr,MH
1nkyvqf,MH
1nkyxvp,HUMOR
1nkyyxy,HUMOR
1nkyznw,SI
1nkyzqq,MH
1nkyzsx,HUMOR
1nkz05c,HUMOR
1nkz1lc,MH
1nkz56x,NEU
1nkz6jg,HUMOR
1nkz7zp,HUMOR
1nkz9v5,MH
1nkzcmb,MH
1nkzd9n,NEU
1nkzdct,MH
1nkzfd7,SI
1nkzh4s,MH
1nkzhzp,HUMOR
1nkzkwe,MH
1nkzky9,SI
1nkzl5m,HUMOR
1nkzlgn,HUMOR
1nkzmkg,NEU
1nkzq61,MH
1nkzqsw,NEU
1nkzr9j,MH
1nkzs58,HUMOR
1nkzstx,SI
1nkzttj,HUMOR
1nkzu6v,SI
1nkzxf3,MH
1nkzyri,MH
1nkzz6o,MH
1nkzzex,MH
1nkzzsm,MH
1nl00yc,MH
1nl0399,HUMOR
1nl03cy,MH
1nl03uq,SI
1nl03xw,MH
1nl04q8,MH
1nl05gm,MH
1nl097i,MH
1nl0anj,HUMOR
1nl0ihj,MH
1nl0jbh,MH
1nl0l2p,NEU
1nl0l9z,MH
1nl0m0f,MH
1nl0ndb,SI
1nl0o3p,HUMOR
1nl0o9v,MH
1nl0owh,SI
1nl0per,SI
1nl0pjg,HUMOR
1nl0q65,MH
1nl0qag,MH
1nl0r2r,HUMOR
1nl0rij,HUMOR
1nl0s7e,MH
1nl0uv2,MH
1nl0whh,HUMOR
1nl0wo7,HUMOR
1nl0xci,HUMOR
1nl0xt2,SI
1nl0yd7,SI
1nl0zba,SI
1nl11h7,MH
1nl11tp,HUMOR
1nl16y6,MH
1nl17mg,HUMOR
1nl17xw,MH
1nl1b21,NEU
1nl1b5r,MH
1nl1b6s,MH
1nl1bc9,SI
1nl1bd7,MH
1nl1c1m,SI
1nl1dd3,HUMOR
1nl1e01,SI
1nl1i5n,HUMOR
1nl1icc,MH
1nl1jog,MH
1nl1koq,SI
1nl1m59,NEU
1nl1nfz,MH
1nl1pn6,MH
1nl1rgy,MH
1nl1sw6,MH
1nl1t70,MH
1nl1tfe,MH
1nl1v6y,MH
1nl1vww,SI
1nl1xug,MH
1nl1y76,SI
1nl1ysq,NEU
1nl1zm5,MH
1nl2244,MH
1nl22y7,SI
1nl25cs,NEU
1nl26cd,MH
1nl26wo,HUMOR
1nl271f,HUMOR
1nl27ek,MH
1nl282o,NEU
1nl29z9,MH
1nl2j8d,HUMOR
1nl2jfs,SI
1nl2jwq,NEU
1nl2lmv,MH
1nl2lom,HUMOR
1nl2lv9,MH
1nl2lz8,HUMOR
1nl2mnn,NEU
1nl2nvl,NEU
1nl2o5r,MH
1nl2omx,HUMOR
1nl2qie,NEU
1nl2rf3,HUMOR
1nl2s5b,MH
1nl2ttc,MH
1nl2vu8,SI
1nl2w1i,MH
1nl2yb0,SI
1nl30m8,SI
1nl315c,HUMOR
1nl34jg,HUMOR
1nl34re,HUMOR
1nl352y,HUMOR
1nl35qm,NEU
1nl3b36,HUMOR
1nl3bny,HUMOR
1nl3fv2,HUMOR
1nl3grj,MH
1nl3hqo,MH
1nl3l2x,MH
1nl3l7y,HUMOR
1nl3p1f,HUMOR
1nl3s67,MH
1nl3ssh,SI
1nl3tdq,MH
1nl3tn8,HUMOR
1nl3vck,MH
1nl3wp0,MH
1nl3yi8,MH
1nl3yvs,HUMOR
1nl3yw5,SI
1nl42pt,MH
1nl45ly,NEU
1nl464b,SI
1nl46q1,MH
1nl46z2,HUMOR
1nl4afv,HUMOR
1nl4b0b,MH
1nl4b9o,HUMOR
1nl4c5h,HUMOR
1nl4esh,HUMOR
1nl4g9b,HUMOR
1nl4i5v,HUMOR
1nl4li7,MH
1nl4lwr,MH
1nl4ovd,NEU
1nl4oz4,HUMOR
1nl4pmk,HUMOR
1nl4rp6,SI
1nl4svj,HUMOR
1nl4zm9,MH
1nl52i5,MH
1nl52j0,MH
1nl54iy,MH
1nl568f,HUMOR
1nl57v6,SI
1nl59s1,MH
1nl59th,NEU
1nl59ti,HUMOR
1nl5co0,MH
1nl5fft,MH
1nl5ghl,MH
1nl5h9d,HUMOR
1nl5kqy,MH
1nl5ljo,MH
1nl5mdi,MH
1nl5mhd,SI
1nl5mv9,HUMOR
1nl5ndp,NEU
1nl5o3i,HUMOR
1nl5o63,HUMOR
1nl5p6f,NEU
1nl5pqx,HUMOR
1nl5t3b,MH
1nl5ty4,MH
1nl5vdd,MH
1nl5xh8,MH
1nl5yvo,MH
1nl60ho,HUMOR
1nl61ic,HUMOR
1nl62q6,MH
1nl62zl,MH
1nl636e,NEU
1nl64gf,NEU
1nl65fr,HUMOR
1nl65gj,MH
1nl65zb,MH
1nl66jx,HUMOR
1nl6791,MH
1nl69ug,HUMOR
1nl69wi,HUMOR
1nl6c2t,MH
1nl6cby,MH
1nl6dzk,MH
1nl6es9,MH
1nl6gu6,SI
1nl6ikg,HUMOR
1nl6lv8,NEU
1nl6nxw,HUMOR
1nl6od4,HUMOR
1nl6oi6,HUMOR
1nl6ryf,MH
1nl6sb1,MH
1nl6t20,HUMOR
1nl6x27,MH
1nl71il,MH
1nl7385,HUMOR
1nl73im,MH
1nl73vq,NEU
1nl75gb,MH
1nl7af4,MH
1nl7by3,MH
1nl7dzd,SI
1nl7ewn,MH
1nl7fdg,MH
1nl7g60,MH
1nl7hyp,MH
1nl7i3o,HUMOR
1nl7kaj,SI
1nl7qei,SI
1nl7tlp,MH
1nl7uaw,HUMOR
1nl7uf1,HUMOR
1nl7xni,MH
1nl7y3q,NEU
1nl7z3x,NEU
1nl80hl,SI
1nl81n0,SI
1nl82om,NEU
1nl84hu,HUMOR
1nl87b5,MH
1nl89l6,SI
1nl8c5w,HUMOR
1nl8fzy,NEU
1nl8hzs,HUMOR
1nl8jzv,HUMOR
1nl8k0u,NEU
1nl8odn,MH
1nl8q3p,HUMOR
1nl8rs8,NEU
1nl8ruj,MH
1nl8srn,SI
1nl8t3r,SI
1nl8t7y,MH
1nl8tlq,HUMOR
1nl8vgb,SI
1nl8wfk,SI
1nl8zds,SI
1nl90my,HUMOR
1nl9555,NEU
1nl9644,MH
1nl9ad0,MH
1nl9c95,MH
1nl9cpe,NEU
1nl9cy6,HUMOR
1nl9hio,SI
1nl9kw1,NEU
1nl9nkv,HUMOR
1nl9ui8,MH
1nl9w1r,HUMOR
1nl9wmx,HUMOR
1nl9xw1,MH
1nl9y4r,MH
1nla1m8,NEU
1nla3bg,NEU
1nla3wc,MH
1nla4yo,NEU
1nla582,MH
1nlah53,MH
1nlakru,HUMOR
1nlalq9,MH
1nlao96,HUMOR
1nlapx0,MH
1nlavyy,SI
1nlaxzl,MH
1nlb10t,NEU
1nlb2mk,NEU
1nlb30h,SI
1nlb94c,HUMOR
1nlbgls,HUMOR
1nlblgz,NEU
1nlbp3l,NEU
1nlbso0,MH
1nlbu3i,HUMOR
1nlc1hd,HUMOR
1nlc797,HUMOR
1nlc856,HUMOR
1nlcaq5,MH
1nlcfhh,HUMOR
1nlcfjh,MH
1nlcgaq,NEU
1nlcl5k,MH
1nlcmt4,NEU
1nlcq0d,HUMOR
1nlcsfv,HUMOR
1nlcx38,MH
1nlcza1,SI
1nlczef,HUMOR
1nld37h,MH
1nld4g2,MH
1nldadw,SI
1nldeq0,SI
1nldg4t,NEU
1nldjvr,HUMOR
1nldkch,HUMOR
1nldl34,HUMOR
1nldp8z,HUMOR
1nldt7f,MH
1nldxzz,HUMOR
1nldzsg,NEU
1nle1c4,HUMOR
1nle1r5,HUMOR
1nle1yw,SI
1nle3n2,HUMOR
1nle4ov,HUMOR
1nle529,NEU
1nle6fa,HUMOR
1nleasb,HUMOR
1nleecf,MH
1nleg34,HUMOR
1nlegg1,MH
1nlendb,HUMOR
1nlepty,MH
1nleq6k,MH
1nlero7,SI
1nlespn,MH
1nletan,MH
1nlewpc,MH
1nlf0dv,HUMOR
1nlf44j,HUMOR
1nlf6cy,NEU
1nlf7nw,HUMOR
1nlf8jf,MH
1nlffe7,MH
1nlfiaz,HUMOR
1nlfkud,MH
1nlfm86,NEU
1nlfrn1,MH
1nlfsl2,MH
1nlfwp5,MH
1nlfxv8,HUMOR
1nlfyzy,MH
1nlg1we,MH
1nlg8o0,HUMOR
1nlge9o,SI
1nlgei3,MH
1nlgfq2,SI
1nlgh43,HUMOR
1nlghrw,HUMOR
1nlgixx,MH
1nlgjh9,MH
1nlglj0,MH
1nlgqkm,MH
1nlguhx,HUMOR
1nlgulg,MH
1nlgvcr,MH
1nlh224,HUMOR
1nlh2mx,HUMOR
1nlh3uq,MH
1nlh9cz,HUMOR
1nlhbv6,HUMOR
1nlhc2x,MH
1nlheqn,MH
1nlhev5,HUMOR
1nlhfr0,MH
1nlhj6e,HUMOR
1nlhl7u,HUMOR
1nlhljm,MH
1nlhlmw,MH
1nlhql0,HUMOR
1nlhsn1,SI
1nlhsu1,NEU
1nlhtjz,HUMOR
1nli02t,HUMOR
1nli0dk,NEU
1nli18x,HUMOR
1nli1ih,HUMOR
1nli23k,HUMOR
1nli4cl,HUMOR
1nli5c3,SI
1nli6lr,SI
1nlig7s,MH
1nlil29,SI
1nliot4,HUMOR
1nliqud,SI
1nlispz,MH
1nliux5,MH
1nlizur,SI
1nlj7nc,HUMOR
1nljccy,HUMOR
1nljd4p,HUMOR
1nljdhu,HUMOR
1nljgbq,HUMOR
1nljnsl,SI
1nljphs,HUMOR
1nljqbs,MH
1nljr6l,MH
1nljt6z,MH
1nljuz5,HUMOR
1nljvsa,MH
1nljykq,HUMOR
1nlk1yx,HUMOR
1nlk4dk,MH
1nlk633,MH
1nlk7wg,HUMOR
1nlkfgz,MH
1nlkfv4,SI
1nlkg9d,HUMOR
1nlkiq7,HUMOR
1nlkmr7,MH
1nlkn47,MH
1nlkqr0,HUMOR
1nlkt0m,MH
1nlkt8s,HUMOR
1nlkvi8,HUMOR
1nlkwht,MH
1nlkybs,MH
1nlkyzs,HUMOR
1nll1ed,NEU
1nll1ji,SI
1nll25v,SI
1nll2fv,MH
1nll5z2,SI
1nlla43,HUMOR
1nllafc,SI
1nllc4n,HUMOR
1nllegl,HUMOR
1nllkm2,MH
1nlllfk,SI
1nllm3r,SI
1nllngz,HUMOR
1nllnlm,NEU
1nllo2m,MH
1nllo6r,MH
1nllotc,NEU
1nllrf1,MH
1nllth7,MH
1nlltvh,MH
1nllvgd,MH
1nllvkc,MH
1nllwms,SI
1nlm1px,SI
1nlm3d2,MH
1nlm4x5,SI
1nlm5yc,MH
1nlm7qq,NEU
1nlm8se,SI
1nlm9x7,MH
1nlmc2i,MH
1nlmcig,MH
1nlmdxq,SI
1nlmem0,MH
1nlmeme,MH
1nlmfec,SI
1nlmhiy,HUMOR
1nlmhl8,HUMOR
1nlmiw8,HUMOR
1nlmk3x,NEU
1nlmm8d,MH
1nlmn7e,HUMOR
1nlmnff,HUMOR
1nlmohr,NEU
1nlmoox,HUMOR
1nlmq7g,MH
1nlmsl9,HUMOR
1nlmu1v,MH
1nlmyav,MH
1nlmzw1,MH
1nln2fm,HUMOR
1nln6wx,MH
1nln8xn,MH
1nln94f,HUMOR
1nln9g2,SI
1nlnbcs,SI
1nlnbnb,NEU
1nlndub,HUMOR
1nlnfe9,MH
1nlnfow,MH
1nlngsm,HUMOR
1nlnhjb,SI
1nlnjhh,NEU
1nlnkhn,SI
1nlnm21,NEU
1nlnmse,NEU
1nlno5v,HUMOR
1nlno7w,MH
1nlnpm5,NEU
1nlnpwl,MH
1nlnrck,MH
1nlns7h,MH
1nlnsza,NEU
1nlntgn,SI
1nlnwzz,SI
1nlnxgq,MH
1nlnybm,MH
1nlnyco,MH
1nlnysq,NEU
1nlnyuy,HUMOR
1nlnzlz,NEU
1nlo0uz,HUMOR
1nlo1dx,SI
1nlo1qw,NEU
1nlo3ac,MH
1nlo3dx,MH
1nlo4ol,SI
1nlo4of,MH
1nlo6fj,HUMOR
1nlo6zh,MH
1nlo7mu,SI
1nlo8ot,HUMOR
1nloacw,MH
1nlobk5,SI
1nlod3h,SI
1nlodzo,SI
1nloey6,MH
1nlof22,SI
1nlofp3,MH
1nlokbh,MH
1nlokhq,HUMOR
1nlon9f,HUMOR
1nlonw1,NEU
1nlonz2,SI
1nloqep,HUMOR
1nlorkq,MH
1nlovh4,SI
1nlovpp,NEU
1nlovs7,MH
1nlovvk,SI
1nloxr9,SI
1nloy1e,MH
1nloyot,MH
1nlp101,SI
1nlp37j,NEU
1nlp48c,HUMOR
1nlp4ug,MH
1nlp7yx,MH
1nlp7zm,MH
1nlpaeg,MH
1nlpdm1,MH
1nlpfd5,NEU
1nlphur,HUMOR
1nlpkhh,HUMOR
1nlpl0n,MH
1nlpnhz,HUMOR
1nlppol,HUMOR
1nlpq8f,HUMOR
1nlprit,HUMOR
1nlprrl,MH
1nlpru6,NEU
1nlps43,HUMOR
1nlptbg,MH
1nlptj9,HUMOR
1nlptro,HUMOR
1nlptw5,MH
1nlpvbh,MH
1nlpwnw,SI
1nlpxyg,NEU
1nlq40g,NEU
1nlq4x9,NEU
1nlq59f,HUMOR
1nlq5qv,SI
1nlq60d,MH
1nlq6i1,SI
1nlq86c,MH
1nlqauo,SI
1nlqcq0,NEU
1nlqd3q,NEU
1nlqf8t,NEU
1nlqful,MH
1nlqhnb,SI
1nlqk0a,HUMOR
1nlqkzc,SI
1nlqnx5,SI
1nlqob3,NEU
1nlqor1,HUMOR
1nlqpxt,NEU
1nlqrs4,NEU
1nlqstl,SI
1nlqszp,MH
1nlqto5,HUMOR
1nlqu4y,MH
1nlqud5,MH
1nlqvxc,NEU
1nlqwqj,HUMOR
1nlqyu4,HUMOR
1nlr2z1,MH
1nlr3jj,MH
1nlr80d,SI
1nlrbsd,HUMOR
1nlrbx8,MH
1nlrci3,HUMOR
1nlrd1w,NEU
1nlrdb6,MH
1nlrf3j,HUMOR
1nlrfx8,MH
1nlrj2b,HUMOR
1nlrj72,NEU
1nlrjpa,NEU
1nlrk76,HUMOR
1nlrmdg,NEU
1nlrmku,MH
1nlrmmu,HUMOR
1nlrpyz,HUMOR
1nlrq62,MH
1nlrqaj,MH
1nlrqh8,MH
1nlrs9o,NEU
1nlrsj3,MH
1nlru1d,MH
1nlrvau,SI
1nlrwaq,MH
1nlrwbl,SI
1nlrxqx,MH
1nlrywt,SI
1nls1q6,NEU
1nls2rk,SI
1nls430,MH
1nls43d,MH
1nls5kl,HUMOR
1nls5p2,HUMOR
1nls5ws,MH
1nls6wu,HUMOR
1nls8ql,SI
1nlsb28,NEU
1nlsbtg,SI
1nlsc2y,HUMOR
1nlscfw,NEU
1nlscrb,MH
1nlsdxm,HUMOR
1nlsepv,NEU
1nlsf2z,SI
1nlshwt,NEU
1nlsljw,NEU
1nlslu2,SI
1nlsnqf,HUMOR
1nlso5p,MH
1nlsoqg,MH
1nlsqhg,NEU
1nlssre,HUMOR
1nlstxt,SI
1nlsu6z,HUMOR
1nlsugk,MH
1nlsvwx,HUMOR
1nlsx8s,HUMOR
1nlsxkg,NEU
1nlsz6s,MH
1nlt06p,MH
1nlt1vt,SI
1nlt1z0,SI
1nlt4f4,HUMOR
1nlt5gg,HUMOR
1nlt65b,HUMOR
1nlt70f,MH
1nlt76n,MH
1nlt83p,HUMOR
1nlta3n,MH
1nlta9r,SI
1nltaoz,SI
1nltcrt,SI
1nltfrq,MH
1nlthwq,HUMOR
1nltp16,SI
1nltp8x,MH
1nltpak,HUMOR
1nltqmk,SI
1nltsfd,MH
1nltt07,MH
1nltt9t,NEU
1nltuc9,MH
1nltv4x,MH
1nltvfp,MH
1nltvjh,MH
1nlu1jg,HUMOR
1nlu1zm,NEU
1nlu22c,SI
1nlu344,NEU
1nlu3zg,HUMOR
1nlu4v3,NEU
1nlu6i0,HUMOR
1nlu71e,MH
1nlubqv,SI
1nlude4,HUMOR
1nludno,HUMOR
1nluei7,MH
1nluf2f,SI
1nluhji,HUMOR
1nlui3z,NEU
1nluikx,MH
1nluk1p,NEU
1nlul04,MH
1nluluy,HUMOR
1nlunv4,MH
1nluqh1,MH
1nluqny,MH
1nlurdz,SI
1nlus4x,MH
1nlusqa,NEU
1nlut68,HUMOR
1nluttm,NEU
1nluw57,MH
1nluwad,SI
1nluy3z,MH
1nlv135,MH
1nlv326,SI
1nlv356,MH
1nlv4v1,HUMOR
1nlv5dz,MH
1nlv5kb,NEU
1nlv7d8,HUMOR
1nlv8cs,MH
1nlv8p0,MH
1nlv9mk,MH
1nlvax8,HUMOR
1nlvb6x,MH
1nlvbn0,HUMOR
1nlvfx1,HUMOR
1nlvhly,HUMOR
1nlvhrj,NEU
1nlvjch,SI
1nlvjx4,SI
1nlvl65,HUMOR
1nlvo0s,MH
1nlvpt5,SI
1nlvpuh,MH
1nlvq79,MH
1nlvrau,HUMOR
1nlvrk9,HUMOR
1nlvrt1,MH
1nlvs14,HUMOR
1nlvsib,MH
1nlvsly,NEU
1nlvt9x,HUMOR
1nlvtnc,HUMOR
1nlvu1r,MH
1nlvvr0,HUMOR
1nlvwqz,HUMOR
1nlvzl0,SI
1nlvzla,MH
1nlw1e7,MH
1nlw33c,NEU
1nlw3ah,NEU
1nlw3jk,MH
1nlw3uy,HUMOR
1nlw92z,HUMOR
1nlwbo4,MH
1nlwcc1,HUMOR
1nlwdr4,MH
1nlwfwu,MH
1nlwh9f,MH
1nlwhcy,MH
1nlwil4,HUMOR
1nlwizq,MH
1nlwku7,HUMOR
1nlwlsu,MH
1nlwngk,HUMOR
1nlwq97,HUMOR
1nlwqjz,HUMOR
1nlws1b,SI
1nlwskg,HUMOR
1nlwtk3,NEU
1nlwvtx,HUMOR
1nlwxbe,HUMOR
1nlwz38,MH
1nlx0jn,MH
1nlx3kk,HUMOR
1nlx44d,SI
1nlx4dq,MH
1nlx4r2,HUMOR
1nlx6dh,NEU
1nlx74e,MH
1nlx7xx,NEU
1nlx910,HUMOR
1nlxb2p,HUMOR
1nlxd04,MH
1nlxe5b,HUMOR
1nlxg43,HUMOR
1nlxh4r,NEU
1nlxihj,MH
1nlxkzk,NEU
1nlxn43,SI
1nlxnhw,MH
1nlxpcl,HUMOR
1nlxt7y,HUMOR
1nlxt8r,HUMOR
1nlxuib,NEU
1nlxvyb,MH
1nlxvzr,MH
1nlxweo,MH
1nlxx87,NEU
1nlxxo9,MH
1nlxxry,NEU
1nlxzk1,NEU
1nlxztu,MH
1nly02c,NEU
1nly1cb,MH
1nly1gv,HUMOR
1nly1k2,MH
1nly28q,MH
1nly2m0,MH
1nly40c,MH
1nly5je,MH
1nly65z,SI
1nlyc6a,HUMOR
1nlydl0,NEU
1nlyf89,MH
1nlyijx,NEU
1nlyj2f,MH
1nlyja1,MH
1nlyl0x,MH
1nlyrpu,HUMOR
1nlysob,NEU
1nlyt1d,SI
1nlytpc,MH
1nlytpp,MH
1nlyubg,NEU
1nlyv9j,NEU
1nlyyf3,MH
1nlyzvo,NEU
1nlz118,HUMOR
1nlz1ko,SI
1nlz25l,HUMOR
1nlz2bb,MH
1nlz2fo,SI
1nlz2rh,MH
1nlz3ag,MH
1nlz8os,MH
1nlz972,SI
1nlzbi8,HUMOR
1nlzg1i,HUMOR
1nlzg71,MH
1nlzi8h,HUMOR
1nlzjzh,HUMOR
1nlzke1,NEU
1nlzmeq,NEU
1nlzp1q,SI
1nlzslu,NEU
1nlzsxz,SI
1nlzt6e,MH
1nlztrs,MH
1nlzu3a,NEU
1nlzvpg,HUMOR
1nlzvum,SI
1nlzvy6,SI
1nlzw4o,HUMOR
1nlzwql,MH
1nlzxhc,MH
1nlzxzi,MH
1nlzy5a,NEU
1nm01np,MH
1nm046p,HUMOR
1nm04ov,HUMOR
1nm0a2w,HUMOR
1nm0agx,MH
1nm0b0f,HUMOR
1nm0bax,SI
1nm0bbt,MH
1nm0caq,HUMOR
1nm0dt8,MH
1nm0ec7,HUMOR
1nm0fs0,MH
1nm0hlj,NEU
1nm0hov,MH
1nm0hwl,SI
1nm0jjb,HUMOR
1nm0jny,MH
1nm0k84,MH
1nm0ksr,NEU
1nm0l81,SI
1nm0m2b,NEU
1nm0o8l,HUMOR
1nm0oys,SI
1nm0qri,MH
1nm0rxx,SI
1nm0tuz,MH
1nm0xgg,NEU
1nm0ye8,MH
1nm108a,HUMOR
1nm12qs,MH
1nm132t,NEU
1nm16vf,HUMOR
1nm191n,MH
1nm195w,SI
1nm19ss,HUMOR
1nm1a0n,SI
1nm1a3y,MH
1nm1c0j,HUMOR
1nm1eaa,MH
1nm1eg0,NEU
1nm1f96,MH
1nm1fpa,NEU
1nm1h7l,NEU
1nm1jge,MH
1nm1jkn,MH
1nm1lw5,HUMOR
1nm1mmy,HUMOR
1nm1n7d,HUMOR
1nm1npe,NEU
1nm1o0a,MH
1nm1pbq,NEU
1nm1qpk,MH
1nm1r7g,NEU
1nm1rdu,SI
1nm1rhv,MH
1nm1y5l,SI
1nm1ygj,SI
1nm1yl4,HUMOR
1nm1zao,HUMOR
1nm1zrk,MH
1nm1zvx,SI
1nm21mx,MH
1nm25at,NEU
1nm25pz,MH
1nm26tl,MH
1nm2cjr,NEU
1nm2k3l,NEU
1nm2r3q,MH
1nm2tot,MH
1nm2u8r,NEU
1nm36xk,HUMOR
1nm372y,HUMOR
1nm38ny,HUMOR
1nm3a7b,SI
1nm3d6w,HUMOR
1nm3dea,HUMOR
1nm3gqd,NEU
1nm3s5b,HUMOR
1nm3sxd,HUMOR
1nm3u3g,HUMOR
1nm456q,MH
1nm460f,HUMOR
1nm4b22,NEU
1nm4c8j,NEU
1nm4dj7,MH
1nm4fo9,HUMOR
1nm4fuw,HUMOR
1nm4ih6,NEU
1nm4jl0,MH
1nm4kmv,HUMOR
1nm4koz,MH
1nm4kxg,NEU
1nm4p1g,NEU
1nm4s0i,MH
1nm4s7e,MH
1nm4wir,MH
1nm4y48,MH
1nm51km,SI
1nm528o,HUMOR
1nm55bm,SI
1nm56l1,MH
1nm5bjz,HUMOR
1nm5gyf,MH
1nm5hfa,HUMOR
1nm5j4q,MH
1nm5mm3,HUMOR
1nm5nvw,MH
1nm5s29,HUMOR
1nm5wfi,MH
1nm60p4,MH
1nm60w2,HUMOR
1nm615t,SI
1nm62ha,NEU
1nm681z,MH
1nm6ehy,NEU
1nm6ewn,SI
1nm6ftr,MH
1nm6isj,HUMOR
1nm6lel,HUMOR
1nm6por,HUMOR
1nm6qw2,SI
1nm6u05,MH
1nm6u3h,HUMOR
1nm6v6n,MH
1nm6zy1,MH
1nm71ky,NEU
1nm77s4,NEU
1nm7dly,HUMOR
1nm7ehm,MH
1nm7gio,HUMOR
1nm7ja0,MH
1nm7l7x,SI
1nm7lpm,MH
1nm7qug,HUMOR
1nm7r7k,MH
1nm7vk3,HUMOR
1nm7xg4,HUMOR
1nm7ywm,HUMOR
1nm82gb,NEU
1nm84u6,SI
1nm85p2,HUMOR
1nm88cp,HUMOR
1nm88ms,HUMOR
1nm8c8b,HUMOR
1nm8iir,HUMOR
1nm8kdo,HUMOR
1nm8mk0,MH
1nm8n16,SI
1nm8tni,MH
1nm8u1p,HUMOR
1nm8y22,SI
1nm90em,MH
1nm90z3,HUMOR
1nm93n9,HUMOR
1nm99pi,SI
1nm9bkh,HUMOR
1nm9ehp,NEU
1nm9heg,NEU
1nm9i8v,SI
1nm9ij0,MH
1nm9m3w,HUMOR
1nm9r85,HUMOR
1nm9sbs,SI
1nm9t98,MH
1nma2pt,MH
1nma3x3,MH
1nma6kw,HUMOR
1nma9jg,NEU
1nma9td,MH
1nmabf9,MH
1nmafzw,MH
1nmagou,HUMOR
1nmahox,MH
1nman4i,NEU
1nmaql3,MH
1nmarqb,HUMOR
1nmaxl7,HUMOR
1nmay7h,HUMOR
1nmb33o,HUMOR
1nmb5ik,NEU
1nmb5oc,MH
1nmb6zd,HUMOR
1nmbap9,NEU
1nmbd52,SI
1nmbj24,SI
1nmbk6h,NEU
1nmbpah,SI
1nmbptf,HUMOR
1nmbtya,NEU
1nmbzbq,MH
1nmc0lz,MH
1nmc1n2,NEU
1nmc66p,MH
1nmc80e,MH
1nmcolq,HUMOR
1nmcqmt,HUMOR
1nmctdp,HUMOR
1nmctf1,HUMOR
1nmcuq7,MH
1nmd1ci,MH
1nmd532,MH
1nmd597,HUMOR
1nmd5aq,MH
1nmd5cv,HUMOR
1nmd60l,HUMOR
1nmd6jt,NEU
1nmd755,SI
1nmdbb8,MH
1nmddsg,SI
1nmde2r,MH
1nmdee7,SI
1nmdf1n,MH
1nmdgub,HUMOR
1nmdjmb,MH
1nmdlrw,SI
1nmdmpk,MH
1nmdmrd,SI
1nmdoqs,HUMOR
1nmdor3,SI
1nmdquh,HUMOR
1nmdrgi,MH
1nmdswx,MH
1nmdxbk,HUMOR
1nmdzqu,HUMOR
1nme0l4,SI
1nme2at,MH
1nme2xh,MH
1nme55r,MH
1nme6fj,MH
1nme931,SI
1nme9dj,MH
1nmebtd,NEU
1nmedul,HUMOR
1nmee6w,MH
1nmefo8,NEU
1nmefvr,MH
1nmej4q,MH
1nmejvg,NEU
1nmekt7,SI
1nmembn,SI
1nmemq3,SI
1nmeopz,HUMOR
1nmepoq,HUMOR
1nmesj9,MH
1nmev7m,HUMOR
1nmex6g,HUMOR
1nmexdm,MH
1nmeyd2,MH
1nmeyzh,MH
1nmez39,MH
1nmf1pv,MH
1nmf3hq,MH
1nmf3j7,MH
1nmf4ze,HUMOR
1nmf5py,HUMOR
1nmf6nt,HUMOR
1nmf6p8,SI
1nmfdla,MH
1nmfeom,MH
1nmfexf,HUMOR
1nmfg9z,MH
1nmfgr3,MH
1nmfi9b,HUMOR
1nmfkdu,SI
1nmfnn9,MH
1nmfnu1,MH
1nmfnyy,SI
1nmfpjv,MH
1nmft4q,MH
1nmftvg,MH
1nmfup3,MH
1nmfw09,HUMOR
1nmfxbx,MH
1nmfyde,MH
1nmfytr,HUMOR
1nmfzyv,MH
1nmg0bj,HUMOR
1nmg1ux,HUMOR
1nmg39a,NEU
1nmg3fh,MH
1nmg3px,MH
1nmg74z,MH
1nmg7dh,HUMOR
1nmg7xv,MH
1nmg887,HUMOR
1nmgbyd,MH
1nmgdj3,NEU
1nmgecl,NEU
1nmghbi,MH
1nmghlt,HUMOR
1nmgi91,MH
1nmgj97,HUMOR
1nmgjck,SI
1nmgkjp,MH
1nmgm92,MH
1nmgmp4,SI
1nmgnlt,HUMOR
1nmgp3h,HUMOR
1nmgp8b,NEU
1nmgpzi,MH
1nmgvo2,MH
1nmgvqk,SI
1nmgwd8,MH
1nmgwg1,SI
1nmgy1s,MH
1nmgyge,SI
1nmgz77,HUMOR
1nmh217,NEU
1nmh2cd,MH
1nmh3k2,HUMOR
1nmh3z9,MH
1nmh411,HUMOR
1nmh463,MH
1nmh80n,MH
1nmh8q3,MH
1nmh8uv,MH
1nmhatj,HUMOR
1nmhb0t,SI
1nmhd6n,HUMOR
1nmhf22,SI
1nmhg1m,MH
1nmhg7c,MH
1nmhguh,SI
1nmhi0n,HUMOR
1nmhj9v,NEU
1nmhm4v,MH
1nmhn5e,HUMOR
1nmhq02,SI
1nmhr2k,SI
1nmhs5h,NEU
1nmhunx,MH
1nmhur1,SI
1nmhus6,SI
1nmhw7l,HUMOR
1nmhwme,MH
1nmhws3,MH
1nmhxbl,SI
1nmhxnn,MH
1nmhyfx,NEU
1nmhyhz,HUMOR
1nmhz8o,MH
1nmi0iq,MH
1nmi0n9,HUMOR
1nmi0q8,SI
1nmi0ri,NEU
1nmi20x,NEU
1nmi2ey,HUMOR
1nmi7yt,SI
1nmiaf6,MH
1nmiaob,MH
1nmic85,HUMOR
1nmid9f,HUMOR
1nmie2s,HUMOR
1nmifbc,MH
1nmih0i,HUMOR
1nmihaf,HUMOR
1nmijc4,SI
1nmijo5,HUMOR
1nmijta,HUMOR
1nmijwy,NEU
1nmika5,HUMOR
1nmilua,HUMOR
1nmimwo,MH
1nminl7,NEU
1nminn0,MH
1nmio5x,SI
1nmip1w,HUMOR
1nmiqww,MH
1nmiskk,SI
1nmisod,HUMOR
1nmisxk,HUMOR
1nmiva0,NEU
1nmivez,NEU
1nmiwbn,SI
1nmiyrr,SI
1nmiz5s,HUMOR
1nmiz7f,MH
1nmizmh,NEU
1nmj0oe,NEU
1nmj16s,HUMOR
1nmj1cs,HUMOR
1nmj1wh,MH
1nmj52x,HUMOR
1nmj5e6,HUMOR
1nmj6y0,MH
1nmj9wm,HUMOR
1nmjbeu,MH
1nmjdbw,NEU
1nmjdij,HUMOR
1nmjexv,HUMOR
1nmjf04,SI
1nmjf18,HUMOR
1nmjf6j,MH
1nmjf6d,NEU
1nmjgrw,SI
1nmjh3j,SI
1nmjhmg,HUMOR
1nmjj17,NEU
1nmjj6f,HUMOR
1nmjk4b,HUMOR
1nmjkfk,NEU
1nmjkux,SI
1nmjlbx,MH
1nmjlij,NEU
1nmjlu7,HUMOR
1nmjme0,MH
1nmjn5j,SI
1nmjndf,NEU
1nmjo5p,NEU
1nmjtpk,HUMOR
1nmjwpe,NEU
1nmjx0t,MH
1nmjx3h,MH
1nmjxqh,MH
1nmjxyy,SI
1nmjype,MH
1nmjyuz,SI
1nmjzj0,SI
1nmk1x2,NEU
1nmk4yu,SI
1nmk5dc,MH
1nmk5ex,NEU
1nmk6c9,SI
1nmk7k7,HUMOR
1nmk7tg,MH
1nmk857,MH
1nmk85h,NEU
1nmk90t,SI
1nmk96j,MH
1nmkaqe,MH
1nmkddl,MH
1nmkdj6,SI
1nmkeh0,SI
1nmkft1,MH
1nmkgc8,NEU
1nmkgud,MH
1nmki6w,NEU
1nmkk1u,MH
1nmkkxh,MH
1nmkp06,NEU
1nmkp7m,HUMOR
1nmkqw7,NEU
1nmkrey,MH
1nmks0v,NEU
1nmkspn,NEU
1nmku2b,MH
1nmkucz,MH
1nmkwk1,HUMOR
1nmkwoq,MH
1nmkycv,NEU
1nmkz3d,SI
1nmkze8,MH
1nmkzmp,NEU
1nml40q,MH
1nml45w,MH
1nml8j1,MH
1nmlahh,HUMOR
1nmlbjh,HUMOR
1nmldrp,NEU
1nmldz8,MH
1nmle5z,HUMOR
1nmljso,HUMOR
1nmlk2t,SI
1nmloy2,MH
1nmlp49,HUMOR
1nmlpa9,MH
1nmlrc6,HUMOR
1nmlret,NEU
1nmlxvz,MH
1nmly82,NEU
1nmlyai,HUMOR
1nmlygn,SI
1nmm106,MH
1nmm1cm,NEU
1nmm5d8,MH
1nmm8lg,HUMOR
1nmm9yr,SI
1nmma35,MH
1nmmae8,NEU
1nmmc95,HUMOR
1nmmczd,NEU
1nmmd7f,MH
1nmmgud,MH
1nmmhwo,HUMOR
1nmmk5v,HUMOR
1nmmk9k,MH
1nmmm4z,NEU
1nmmmta,SI
1nmmnt1,SI
1nmmofc,MH
1nmmp0q,NEU
1nmmphg,SI
1nmmthm,MH
1nmmurh,NEU
1nmmx8r,NEU
1nmmy1b,MH
1nmmyhh,HUMOR
1nmn019,HUMOR
1nmn0vj,MH
1nmn1gz,HUMOR
1nmn2lz,MH
1nmn3eh,SI
1nmn5jh,NEU
1nmn5lj,MH
1nmn6p4,SI
1nmn8aq,HUMOR
1nmnb6r,HUMOR
1nmndvc,MH
1nmnh8f,MH
1nmnh8m,HUMOR
1nmnjjz,NEU
1nmnk8c,HUMOR
1nmnm2b,MH
1nmnmo7,MH
1nmnnwp,MH
1nmnoca,HUMOR
1nmnq40,SI
1nmnqqc,MH
1nmnug7,MH
1nmnwnv,MH
1nmnxbz,NEU
1nmny3v,MH
1nmo3oi,HUMOR
1nmo48b,HUMOR
1nmo5re,MH
1nmo7lh,HUMOR
1nmo94g,MH
1nmo9bd,SI
1nmob1x,MH
1nmod9h,NEU
1nmodav,NEU
1nmog4e,SI
1nmohgn,HUMOR
1nmohla,HUMOR
1nmohm8,HUMOR
1nmoit9,HUMOR
1nmok09,MH
1nmone1,NEU
1nmorvw,HUMOR
1nmosg5,HUMOR
1nmosne,NEU
1nmou1u,MH
1nmovy8,SI
1nmowqa,HUMOR
1nmoydr,HUMOR
1nmoyey,SI
1nmozba,HUMOR
1nmozse,MH
1nmp0ug,MH
1nmp250,HUMOR
1nmp2gh,NEU
1nmp66e,MH
1nmp6e6,SI
1nmp88m,HUMOR
1nmp8v2,MH
1nmpb58,MH
1nmpdjo,HUMOR
1nmpdla,MH
1nmpehf,MH
1nmpfld,MH
1nmpgl8,HUMOR
1nmphnk,SI
1nmphub,HUMOR
1nmpjom,HUMOR
1nmpk31,MH
1nmpkvi,MH
1nmplug,MH
1nmplya,HUMOR
1nmpmkt,HUMOR
1nmpnlj,NEU
1nmpnxp,MH
1nmpo5r,HUMOR
1nmpoat,MH
1nmponj,NEU
1nmposw,HUMOR
1nmps7w,MH
1nmpsb8,HUMOR
1nmptcq,SI
1nmptkx,MH
1nmpwaq,NEU
1nmpzo9,HUMOR
1nmpzps,HUMOR
1nmq0ky,MH
1nmq2x8,HUMOR
1nmq37i,MH
1nmq39h,SI
1nmq6n3,SI
1nmq96j,MH
1nmqa9j,MH
1nmqjhd,MH
1nmqldt,NEU
1nmqm1t,NEU
1nmqn3q,MH
1nmqs7m,SI
1nmquua,NEU
1nmquyb,MH
1nmqv9l,MH
1nmqvxb,HUMOR
1nmqvxl,NEU
1nmqxk2,MH
1nmqxpw,HUMOR
1nmqz9v,MH
1nmqzrm,SI
1nmr4c2,MH
1nmr8so,MH
1nmr933,MH
1nmrbvj,HUMOR
1nmrcp5,HUMOR
1nmrdnm,NEU
1nmrg6w,MH
1nmrh0m,NEU
1nmril1,HUMOR
1nmrk03,HUMOR
1nmrlc9,MH
1nmrlrk,MH
1nmrlt0,NEU
1nmrop0,MH
1nmroqd,SI
1nmrpnv,HUMOR
1nmrqtc,SI
1nmrrt4,NEU
1nmrw30,MH
1nmry44,NEU
1nmry9x,SI
1nmrz4y,MH
1nmrzfw,HUMOR
1nmrzk0,NEU
1nmrzne,HUMOR
1nmrzu6,HUMOR
1nmrzvz,HUMOR
1nms0uc,MH
1nms0zh,HUMOR
1nms2xw,MH
1nms3lm,HUMOR
1nms45g,HUMOR
1nms4pk,HUMOR
1nms68n,MH
1nms8q5,SI
1nms96z,SI
1nms9cv,MH
1nmshp2,SI
1nmsj3m,HUMOR
1nmsj3l,MH
1nmskcn,HUMOR
1nmsl72,MH
1nmslhh,HUMOR
1nmso38,MH
1nmsple,MH
1nmssd3,MH
1nmstfk,HUMOR
1nmsvtc,NEU
1nmsws2,MH
1nmt0h6,NEU
1nmt0j1,HUMOR
1nmt35b,MH
1nmt3gb,HUMOR
1nmt4hr,HUMOR
1nmt5e2,NEU
1nmt9od,HUMOR
1nmtbll,HUMOR
1nmtbrb,NEU
1nmtji1,NEU
1nmtjop,NEU
1nmtk7q,MH
1nmtkyz,HUMOR
1nmtn9i,HUMOR
1nmtnr7,SI
1nmtodi,NEU
1nmtoyl,HUMOR
1nmtq9h,NEU
1nmtqfr,SI
1nmtwz3,SI
1nmtydi,MH
1nmu05q,HUMOR
1nmu1ek,MH
1nmu2m7,HUMOR
1nmu3p8,HUMOR
1nmu4pg,MH
1nmu5ej,MH
1nmu7wm,MH
1nmu83z,HUMOR
1nmua4v,SI
1nmuc0w,HUMOR
1nmudnc,MH
1nmufrq,MH
1nmugkh,HUMOR
1nmuibr,MH
1nmuksi,MH
1nmukw3,SI
1nmulpb,NEU
1nmun6g,MH
1nmunog,MH
1nmuoha,SI
1nmupq0,HUMOR
1nmur2r,MH
1nmuv1w,HUMOR
1nmuygq,MH
1nmv5fq,MH
1nmv90p,HUMOR
1nmvbhh,MH
1nmvc53,HUMOR
1nmvcj5,NEU
1nmvfy0,MH
1nmvn0d,HUMOR
1nmvtlw,NEU
1nmvzip,NEU
1nmwa0m,NEU
1nmwvp2,NEU
1nmwwwj,HUMOR
1nmx0oz,MH
1nmx7m5,MH
1nmxpce,HUMOR
1nmy3rc,HUMOR
1nmy4xf,NEU
1nmy8it,HUMOR
1nmy92d,MH
1nmyg2q,MH
1nmyvpl,HUMOR
1nmzdnk,HUMOR
1nmzoap,NEU
1nmzqnv,MH
1nmzv4g,HUMOR
1nmzzt4,HUMOR
1nn07qf,HUMOR
1nn08c1,HUMOR
1nn08xh,NEU
1nn0e5n,NEU
1nn0gc4,NEU
1nn0mrg,HUMOR
1nn0p78,MH
1nn0q6v,MH
1nn131i,HUMOR
1nn15kn,HUMOR
1nn18by,SI
1nn1btf,SI
1nn1o07,NEU
1nn1t5k,MH
1nn1tl1,MH
1nn1ts0,HUMOR
1nn20xj,HUMOR
1nn27gl,MH
1nn2coy,HUMOR
1nn2fgs,MH
1nn2fzr,SI
1nn2glf,HUMOR
1nn2nlu,HUMOR
1nn2p14,HUMOR
1nn2sd6,MH
1nn31pl,MH
1nn326c,HUMOR
1nn34mn,MH
1nn35pa,HUMOR
1nn3c6s,MH
1nn3ha3,HUMOR
1nn3l7v,MH
1nn3p9r,HUMOR
1nn3u0l,HUMOR
1nn3u9o,MH
1nn45dz,HUMOR
1nn4erm,HUMOR
1nn4ft0,SI
1nn4j2t,HUMOR
1nn4mvh,HUMOR
1nn4ovq,MH
1nn4wwp,MH
1nn51lj,HUMOR
1nn5235,HUMOR
1nn55zm,MH
1nn59mr,HUMOR
1nn59nz,HUMOR
1nn5e4x,MH
1nn5ekf,MH
1nn5hcx,MH
1nn5mjv,HUMOR
1nn5ojt,MH
1nn5oo8,MH
1nn5pc8,MH
1nn5pqa,HUMOR
1nn5qdc,HUMOR
1nn5vau,HUMOR
1nn664y,MH
1nn66pt,HUMOR
1nn67p6,MH
1nn68gt,HUMOR
1nn68h5,MH
1nn6bgz,MH
1nn6fw0,HUMOR
1nn6k6l,NEU
1nn6ouk,HUMOR
1nn6ras,SI
1nn6t35,HUMOR
1nn6u7u,HUMOR
1nn6xdn,HUMOR
1nn6znq,HUMOR
1nn7250,MH
1nn7565,HUMOR
1nn77na,HUMOR
1nn78d3,HUMOR
1nn7f7y,HUMOR
1nn7pnq,SI
1nn7pqi,SI
1nn7vpi,HUMOR
1nn7w14,HUMOR
1nn7w42,MH
1nn83nb,MH
1nn83tc,HUMOR
1nn8drm,NEU
1nn8epe,MH
1nn8esw,SI
1nn8lwi,MH
1nn8ocn,MH
1nn8snw,MH
1nn8ua9,MH
1nn8v3o,MH
1nn8wp7,MH
1nn9013,SI
1nn92ie,SI
1nn96bc,MH
1nn98pb,MH
1nn9ae3,HUMOR
1nn9f0s,HUMOR
1nn9fhh,HUMOR
1nn9hkj,MH
1nn9ntb,HUMOR
1nn9q8y,HUMOR
1nn9wp1,MH
1nna42z,SI
1nna7nl,SI
1nna860,MH
1nnabjy,HUMOR
1nnacn1,MH
1nnadee,MH
1nnaf4u,NEU
1nnaf9u,SI
1nnaho5,MH
1nnal9j,MH
1nnanj9,MH
1nnao5u,SI
1nnap58,SI
1nnapd3,MH
1nnarjo,MH
1nnau1p,MH
1nnaumj,MH
1nnauxq,NEU
1nnaxnn,MH
1nnb00i,MH
1nnb1jn,HUMOR
1nnb32w,NEU
1nnb5jf,MH
1nnb5lx,MH
1nnb7xa,HUMOR
1nnbffu,SI
1nnbiwk,MH
1nnbn3i,NEU
1nnbo49,MH
1nnbp4z,SI
1nnbpew,MH
1nnbq0g,MH
1nnbs29,MH
1nnbsuj,SI
1nnbtxw,MH
1nnbv97,SI
1nnbvxa,MH
1nnbwhl,HUMOR
1nnbwo6,MH
1nnc0rm,HUMOR
1nnc0ug,HUMOR
1nnc0wt,NEU
1nnc1ci,HUMOR
1nnc658,HUMOR
1nnc87j,HUMOR
1nnc8gx,MH
1nnc9b7,SI
1nncbmm,NEU
1nnccgq,NEU
1nncdh8,NEU
1nncg9c,SI
1nnch16,MH
1nncja5,SI
1nnclpt,SI
1nncmrf,NEU
1nncosv,HUMOR
1nncptv,NEU
1nncthm,MH
1nnctkk,HUMOR
1nncxiw,MH
1nnd024,HUMOR
1nnd036,MH
1nnd4d2,HUMOR
1nnd4sf,HUMOR
1nnd4y1,SI
1nnd6db,SI
1nnd8pf,SI
1nndav5,HUMOR
1nndbty,NEU
1nnde5o,MH
1nndh33,HUMOR
1nndhwp,SI
1nndi2a,MH
1nndk2r,NEU
1nndl5c,MH
1nndnto,NEU
1nndpv3,HUMOR
1nndpyf,MH
1nnduek,HUMOR
1nndv20,HUMOR
1nndwb8,MH
1nndwf4,MH
1nne17m,HUMOR
1nne45v,SI
1nne6y0,NEU
1nne8tx,HUMOR
1nneb1h,SI
1nneeaz,MH
1nneeqb,MH
1nnefgu,SI
1nneg66,NEU
1nnegjm,NEU
1nnegli,NEU
1nnehz4,NEU
1nnekd3,MH
1nnekyi,SI
1nneo33,MH
1nneocx,NEU
1nnep98,HUMOR
1nnepbc,MH
1nneq6d,MH
1nneqoq,MH
1nnerh4,HUMOR
1nnes1w,NEU
1nneu3s,NEU
1nneuxs,MH
1nnevwu,NEU
1nnex2l,HUMOR
1nney5u,MH
1nneynz,HUMOR
1nnezf8,SI
1nnezxm,HUMOR
1nnf22w,NEU
1nnf2vd,SI
1nnf3mk,HUMOR
1nnf3og,MH
1nnf4g3,HUMOR
1nnf4xx,SI
1nnf5su,HUMOR
1nnf7yn,NEU
1nnf8nm,MH
1nnf9lg,HUMOR
1nnfbmf,NEU
1nnfbsh,MH
1nnfilo,HUMOR
1nnfiye,MH
1nnfkon,MH
1nnfm9f,HUMOR
1nnfn4d,HUMOR
1nnfni2,SI
1nnfnpd,NEU
1nnfnrz,NEU
1nnfpop,MH
1nnfql7,SI
1nnfsrc,SI
1nnftu8,NEU
1nnftyn,MH
1nnfu6d,SI
1nnfv6q,MH
1nnfy4d,NEU
1nnfymu,SI
1nnfynf,HUMOR
1nnfzb8,HUMOR
1nnfzl2,SI
1nnfzui,MH
1nng0ir,SI
1nng1to,NEU
1nng224,MH
1nng3x4,NEU
1nng42m,HUMOR
1nng69v,HUMOR
1nng6x1,HUMOR
1nng8lz,MH
1nng93m,HUMOR
1nng9s9,MH
1nngcro,MH
1nngde6,SI
1nngdo8,HUMOR
1nngh16,HUMOR
1nnghu7,NEU
1nngifb,SI
1nngii1,NEU
1nngk5j,SI
1nngkt0,SI
1nngliw,SI
1nngm7b,MH
1nngna5,SI
1nngo77,HUMOR
1nngqda,NEU
1nngqeb,HUMOR
1nngr2b,HUMOR
1nngvdy,HUMOR
1nngvkf,MH
1nngwnd,HUMOR
1nnh092,HUMOR
1nnh1qq,MH
1nnh42v,MH
1nnh48c,MH
1nnh58k,MH
1nnh5sk,SI
1nnh61q,MH
1nnha5i,MH
1nnhb3a,HUMOR
1nnhbol,MH
1nnhdnm,MH
1nnhgkf,MH
1nnhh7k,NEU
1nnhj6z,HUMOR
1nnhjos,HUMOR
1nnhl3j,HUMOR
1nnhmxr,NEU
1nnhowk,SI
1nnhp5k,NEU
1nnhv0b,NEU
1nnhv4w,HUMOR
1nnhvq3,MH
1nnhvvc,MH
1nnhwc9,SI
1nnhwvn,SI
1nnhx9e,HUMOR
1nni013,HUMOR
1nni0o6,NEU
1nni12s,MH
1nni5vi,NEU
1nni7gr,MH
1nni81l,MH
1nniabv,HUMOR
1nnian3,HUMOR
1nnibnd,MH
1nniich,HUMOR
1nnikl9,NEU
1nnimtx,HUMOR
1nnintp,HUMOR
1nniocx,HUMOR
1nnirgj,HUMOR
1nnit17,HUMOR
1nniva4,MH
1nnivfm,SI
1nniyas,SI
1nnj1jt,NEU
1nnj2p6,MH
1nnj3oh,MH
1nnj3w3,HUMOR
1nnj4d5,NEU
1nnj5nu,NEU
1nnj5nx,MH
1nnj742,HUMOR
1nnj77z,SI
1nnjb5c,MH
1nnjbaj,HUMOR
1nnjdsr,MH
1nnjgtq,NEU
1nnjhjf,HUMOR
1nnji0q,SI
1nnjilu,HUMOR
1nnjleb,HUMOR
1nnjm85,SI
1nnjrml,NEU
1nnjt7a,MH
1nnjx8l,MH
1nnjz7b,HUMOR
1nnk1gc,HUMOR
1nnk1x8,HUMOR
1nnk2bn,MH
1nnk3lz,NEU
1nnk88z,NEU
1nnk8hz,MH
1nnk91a,MH
1nnka79,MH
1nnkaew,MH
1nnkedv,SI
1nnkf02,SI
1nnki52,MH
1nnkji6,MH
1nnkndz,MH
1nnktzu,MH
1nnl02v,SI
1nnl1uj,MH
1nnl23x,MH
1nnl2j2,MH
1nnl3zh,MH
1nnl5kf,HUMOR
1nnl6nu,MH
1nnl87n,MH
1nnlbld,NEU
1nnlcp6,HUMOR
1nnlcve,MH
1nnldj2,HUMOR
1nnlfha,MH
1nnlfuz,HUMOR
1nnlhm1,MH
1nnlkk9,NEU
1nnlklr,NEU
1nnlmar,HUMOR
1nnlnq4,MH
1nnlrfk,SI
1nnls3x,MH
1nnlu9h,HUMOR
1nnluqf,MH
1nnluvg,HUMOR
1nnlv2w,HUMOR
1nnlwsc,MH
1nnlxcv,MH
1nnly2w,NEU
1nnm1gx,HUMOR
1nnm1h5,MH
1nnm1lh,HUMOR
1nnm1pg,HUMOR
1nnm3jo,SI
1nnm6bw,MH
1nnm74h,HUMOR
1nnm7m6,MH
1nnm9ky,MH
1nnmaz0,SI
1nnmcj0,HUMOR
1nnmkzv,HUMOR
1nnmm59,HUMOR
1nnmm5y,HUMOR
1nnmo0c,MH
1nnmoli,MH
1nnmp3w,MH
1nnmp8g,HUMOR
1nnmqda,NEU
1nnn0if,SI
1nnn1r7,NEU
1nnn2fv,HUMOR
1nnn2yr,HUMOR
1nnn6ok,MH
1nnn7pw,HUMOR
1nnn90k,MH
1nnnbge,MH
1nnncgq,MH
1nnngak,SI
1nnnhgg,NEU
1nnnm5z,HUMOR
1nnnz94,MH
1nnodfs,HUMOR
1nnogwn,MH
1nnos2g,MH
1nnp5to,NEU
1nnpabb,MH
1nnpaxr,HUMOR
1nnpj9s,NEU
1nnplmj,MH
1nnpm48,MH
1nnpn6l,MH
1nnpqpi,HUMOR
1nnptjk,HUMOR
1nnpurq,MH
1nnq0w2,HUMOR
1nnq3t2,MH
1nnq43d,NEU
1nnqbbr,HUMOR
1nnqbhv,MH
1nnqgik,HUMOR
1nnqie5,NEU
1nnqk8t,HUMOR
1nnqr45,HUMOR
1nnqyxd,HUMOR
1nnr6yl,SI
1nnrcqi,HUMOR
1nnrf16,MH
1nnrime,NEU
1nnrnwj,HUMOR
1nnrp8o,HUMOR
1nnrpks,NEU
1nnrvzu,NEU
1nnrxpd,HUMOR
1nnsbf7,HUMOR
1nnskym,HUMOR
1nnso89,MH
1nnsq6i,MH
1nnssev,SI
1nnsw8q,HUMOR
1nnsz21,HUMOR
1nnt23f,HUMOR
1nnt8ho,HUMOR
1nntdx0,HUMOR
1nnte5u,HUMOR
1nnto7u,MH
1nnttex,NEU
1nntumj,HUMOR
1nntupv,HUMOR
1nnu1sp,MH
1nnu2lb,HUMOR
1nnu4ct,HUMOR
1nnu52u,MH
1nnuan5,SI
1nnubgv,HUMOR
1nnudna,MH
1nnuefd,SI
1nnuxib,HUMOR
1nnv0jl,MH
1nnv29m,MH
1nnv32a,MH
1nnv3gl,HUMOR
1nnv4iw,HUMOR
1nnv5gi,MH
1nnve4r,HUMOR
1nnvelr,NEU
1nnvf83,HUMOR
1nnvg32,HUMOR
1nnvncd,SI
1nnvo3u,NEU
1nnvqxk,HUMOR
1nnvtbr,HUMOR
1nnvv75,MH
1nnvv8q,MH
1nnvw85,MH
1nnw244,HUMOR
1nnw8kt,MH
1nnw9u8,MH
1nnwbol,HUMOR
1nnwey0,HUMOR
1nnwwvl,NEU
1nnx132,HUMOR
1nnx3ep,NEU
1nnx4ll,MH
1nnx6r5,MH
1nnx904,MH
1nnxj90,SI
1nnxkvt,MH
1nnxoyu,MH
1nnxq3b,HUMOR
1nnxvx6,MH
1nny3ua,HUMOR
1nny7yf,MH
1nny8u6,MH
1nnyep3,SI
1nnyjsn,MH
1nnylr0,HUMOR
1nnypw6,HUMOR
1nnyrjy,HUMOR
1nnyrzs,MH
1nnywud,HUMOR
1nnyy2u,HUMOR
1nnyzf5,HUMOR
1nnz3u6,HUMOR
1nnz76d,MH
1nnzb5w,HUMOR
1nnzo26,MH
1nnzoyb,MH
1nnzy1r,HUMOR
1nnzzti,MH
1no00ad,MH
1no01m3,HUMOR
1no03xa,HUMOR
1no0hjy,HUMOR
1no0nei,MH
1no0noz,MH
1no0olj,HUMOR
1no0ovy,NEU
1no0pvq,HUMOR
1no0t5m,HUMOR
1no11av,MH
1no18t8,HUMOR
1no1feo,SI
1no1hqs,SI
1no1k5o,HUMOR
1no1khe,SI
1no1oag,MH
1no1q2u,HUMOR
1no1rhg,HUMOR
1no1scl,HUMOR
1no1str,NEU
1no1uk8,SI
1no1v9g,HUMOR
1no20mj,HUMOR
1no21q3,SI
1no24dt,SI
1no25j3,HUMOR
1no2cmn,MH
1no2fxm,HUMOR
1no2g0p,SI
1no2jw5,HUMOR
1no2kwz,HUMOR
1no2ndq,MH
1no2oje,MH
1no2s3p,MH
1no2vit,HUMOR
1no2wn3,HUMOR
1no2xq8,MH
1no2y5l,HUMOR
1no2z8i,MH
1no33m3,MH
1no34cv,HUMOR
1no37uj,HUMOR
1no3c11,MH
1no3fkv,HUMOR
1no3gaj,HUMOR
1no3htr,MH
1no3il4,SI
1no3m80,MH
1no3m8l,SI
1no3od6,SI
1no3roz,MH
1no3tl3,MH
1no3vhr,HUMOR
1no3xzn,HUMOR
1no41a2,HUMOR
1no43k3,MH
1no43nv,HUMOR
1no46sa,MH
1no4725,MH
1no48ol,HUMOR
1no4ap5,MH
1no4ckk,MH
1no4cks,SI
1no4h0f,MH
1no4iag,HUMOR
1no4kax,HUMOR
1no4kfm,HUMOR
1no4kuu,MH
1no4mg1,MH
1no4od5,MH
1no4ss6,NEU
1no4swu,MH
1no4twy,MH
1no4zeh,MH
1no4zqp,MH
1no51ht,SI
1no51ov,HUMOR
1no52to,MH
1no531a,SI
1no56c0,HUMOR
1no588i,MH
1no593a,MH
1no5bqw,HUMOR
1no5fkx,HUMOR
1no5hcc,SI
1no5i2m,SI
1no5i9g,NEU
1no5ihc,NEU
1no5kuw,MH
1no5njw,HUMOR
1no5opz,SI
1no5p2o,MH
1no5pa0,MH
1no5pfv,SI
1no5po1,MH
1no5qrq,MH
1no5uru,SI
1no5uzs,SI
1no5vj0,SI
1no5w1b,MH
1no5ydf,NEU
1no5z1q,MH
1no60o1,MH
1no61ek,NEU
1no61lf,SI
1no64ya,MH
1no66u2,HUMOR
1no67ct,SI
1no68r1,MH
1no6aot,SI
1no6bdn,MH
1no6cc5,SI
1no6jec,MH
1no6mkz,NEU
1no6mpf,MH
1no6t3g,NEU
1no6t8h,HUMOR
1no6tvz,MH
1no6w8y,MH
1no6zl7,HUMOR
1no71mu,MH
1no71rw,MH
1no729m,SI
1no73rf,MH
1no763x,MH
1no76kt,MH
1no76ol,NEU
1no78tx,HUMOR
1no79cx,SI
1no7aev,HUMOR
1no7ah8,MH
1no7bjp,MH
1no7dkq,NEU
1no7eiz,HUMOR
1no7hg2,SI
1no7hxb,HUMOR
1no7i0w,SI
1no7isa,MH
1no7iwi,HUMOR
1no7jmo,NEU
1no7ki3,SI
1no7ksy,NEU
1no7l70,MH
1no7lml,SI
1no7m0t,SI
1no7n7d,NEU
1no7nzj,MH
1no7q5h,MH
1no7qi6,HUMOR
1no7unn,NEU
1no7uq7,HUMOR
1no7vj4,MH
1no7vlh,MH
1no7yec,HUMOR
1no7zhs,HUMOR
1no80jh,HUMOR
1no81ut,MH
1no82dt,HUMOR
1no82pi,MH
1no833h,MH
1no85cg,MH
1no879d,MH
1no87hd,SI
1no893y,HUMOR
1no8a7u,MH
1no8ary,MH
1no8b3w,MH
1no8e25,NEU
1no8g1e,MH
1no8gwx,MH
1no8gzs,MH
1no8ims,MH
1no8l48,HUMOR
1no8osb,HUMOR
1no8r95,NEU
1no8szm,HUMOR
1no8ttv,NEU
1no8tx1,HUMOR
1no8ucw,HUMOR
1no8vxa,HUMOR
1no8x28,MH
1no8xqe,SI
1no90lh,SI
1no91b2,MH
1no92gy,NEU
1no93up,NEU
1no94vs,HUMOR
1no958x,HUMOR
1no96er,SI
1no96fk,SI
1no982x,NEU
1no98kv,MH
1no9bz0,MH
1no9f5l,HUMOR
1no9f8g,NEU
1no9g8k,MH
1no9hnh,MH
1no9lb8,MH
1no9nne,MH
1no9nqt,HUMOR
1no9phv,HUMOR
1no9pzp,SI
1no9rb3,NEU
1no9rpg,MH
1no9uly,HUMOR
1no9wze,NEU
1no9zx8,MH
1noa1g1,HUMOR
1noa3ww,MH
1noa6of,MH
1noa6xc,HUMOR
1noa912,HUMOR
1noacxs,MH
1noad8i,HUMOR
1noaehl,HUMOR
1noaf7t,NEU
1noafk5,HUMOR
1noah9s,MH
1noahi3,MH
1noai7c,MH
1noaikq,NEU
1noajjv,NEU
1noalxd,NEU
1noamxj,NEU
1noant8,NEU
1noao72,MH
1noapa6,HUMOR
1noas8y,HUMOR
1noat09,SI
1noatdw,HUMOR
1noav8d,NEU
1noawv7,MH
1noaxv1,HUMOR
1noayan,HUMOR
1noayc5,HUMOR
1nob0p0,MH
1nob1aa,MH
1nob346,NEU
1nob4qw,MH
1nob6c5,NEU
1nob82y,HUMOR
1noba20,MH
1nobfqo,MH
1nobguv,HUMOR
1nobh1g,NEU
1nobh60,NEU
1noblc7,NEU
1noblpw,MH
1nobq24,HUMOR
1nobqkj,MH
1nobt6l,NEU
1noc5hn,HUMOR
1nocu4t,HUMOR
1nod69g,MH
1nodan3,HUMOR
1nodb2c,HUMOR
1nodgay,MH
1nodx1b,HUMOR
1noe3tz,NEU
1noe59a,MH
1noeea6,SI
1noef4n,HUMOR
1noeis6,HUMOR
1noendp,NEU
1noezi1,HUMOR
1nof0o0,MH
1nof14r,HUMOR
1nof2sx,HUMOR
1nof6hg,MH
1nofa8u,NEU
1nofcbm,NEU
1noffps,MH
1nofj9q,MH
1nofmgq,HUMOR
1nofpsu,HUMOR
1nofwck,MH
1nog6tp,HUMOR
1nog8el,HUMOR
1nog9bi,NEU
1nogc4s,HUMOR
1nogfdm,MH
1nogff8,HUMOR
1nogkph,NEU
1nogrkq,HUMOR
1nogtxg,HUMOR
1nogxc4,HUMOR
1noh03w,HUMOR
1noh2ty,NEU
1nohgzv,NEU
1nohj8s,NEU
1nohjm0,MH
1nohlmo,HUMOR
1nohoiw,HUMOR
1nohqvh,HUMOR
1nohrrt,HUMOR
1noib7w,HUMOR
1noidrz,NEU
1noieed,SI
1noilbj,NEU
1noilqa,HUMOR
1noinmo,SI
1noioi7,HUMOR
1noisyu,HUMOR
1noiuxi,HUMOR
1noivjb,NEU
1noizkt,HUMOR
1noj1os,HUMOR
1noj4x5,HUMOR
1noj5cl,NEU
1noj6us,MH
1nojjen,MH
1nojjyp,MH
1nojkvh,HUMOR
1nojlg8,HUMOR
1nojzxk,HUMOR
1nok0di,MH
1nok4vx,HUMOR
1nok7dq,HUMOR
1nokl0a,NEU
1nokln1,NEU
1nokmj0,HUMOR
1noknys,HUMOR
1nokvh6,NEU
1nol2qh,MH
1nol3u2,HUMOR
1nol56p,HUMOR
1nol7nv,MH
1nol8ap,NEU
1nol9gi,HUMOR
1nolh2f,MH
1nollcf,HUMOR
1noluiv,NEU
1noly29,MH
1nomdiv,HUMOR
1nomfr1,MH
1nomjhz,NEU
1noml70,HUMOR
1nommwl,MH
1nomqm0,MH
1nomuk7,HUMOR
1nomvad,HUMOR
1nomw2i,MH
1non040,HUMOR
1non0yt,HUMOR
1non22f,MH
1nonbkq,HUMOR
1nond26,NEU
1nonehi,HUMOR
1noniok,MH
1nonjv0,HUMOR
1nonoob,MH
1nonyi7,HUMOR
1noo1uj,SI
1noo3m8,HUMOR
1noocm7,MH
1nooed4,HUMOR
1nooee6,HUMOR
1noofjg,MH
1noogua,HUMOR
1noolye,SI
1noom88,NEU
1nootlc,NEU
1noou28,MH
1noox59,NEU
1nop3h4,HUMOR
1nop777,MH
1nopgqc,SI
1nopn9h,NEU
1nopqm8,NEU
1noprca,MH
1nopsd7,HUMOR
1nopv12,HUMOR
1noq1f9,NEU
1noq9zb,SI
1noqaan,MH
1noqdst,SI
1noqfh4,MH
1noqjui,HUMOR
1noqmjb,NEU
1noqoo9,HUMOR
1noqqcd,HUMOR
1noqraz,HUMOR
1noqrxc,MH
1noqsnt,HUMOR
1noqtei,SI
1nor9wx,HUMOR
1norcew,NEU
1norgti,MH
1norh5k,MH
1norol6,MH
1norqq5,HUMOR
1norvsj,HUMOR
1norx72,MH
1norxa1,MH
1nos8td,MH
1noscza,HUMOR
1nosdia,HUMOR
1nosdu1,MH
1nosid1,MH
1nosmnc,HUMOR
1nosofr,MH
1nosr88,MH
1nosyuf,MH
1not150,HUMOR
1not726,HUMOR
1not8rh,MH
1notagw,HUMOR
1noti97,HUMOR
1notjsa,NEU
1notq74,SI
1nots69,HUMOR
1notsj7,MH
1nou00f,MH
1nou6d7,HUMOR
1noub68,MH
1noucor,MH
1noudcc,MH
1nouic5,MH
1nouiwh,MH
1noulk8,MH
1nouvel,NEU
1nouyar,SI
1nouyfp,HUMOR
1nouzy2,HUMOR
1Nov2028,SI
1nov0v6,HUMOR
1nov1kq,MH
1nov2xv,HUMOR
1nov3g0,HUMOR
1nov4sc,SI
1nov5pf,MH
1nov6o6,HUMOR
1nov71s,MH
1nov7dg,HUMOR
1nov8tn,HUMOR
1novb8r,HUMOR
1novdbt,HUMOR
1novevi,SI
1novgv2,MH
1novj2u,SI
1novl8h,MH
1novnyu,MH
1novpky,MH
1novprq,SI
1novq5u,SI
1novt7k,HUMOR
1novtk5,HUMOR
1novwfd,SI
1now3sh,HUMOR
1now5r7,HUMOR
1now6yr,MH
1now7dr,MH
1nowdh1,MH
1nowe1r,MH
1nowe7i,MH
1nowgfv,SI
1nowgpo,MH
1nowh8w,MH
1nowja0,MH
1nowsjj,HUMOR
1nowyu7,HUMOR
1nox2t8,MH
1nox7ij,MH
1nox7z4,HUMOR
1noxdes,MH
1noxfud,HUMOR
1noxhkl,HUMOR
1noxiyk,HUMOR
1noxj10,HUMOR
1noxj6f,HUMOR
1noxm3b,MH
1noxnsr,MH
1noxpdb,MH
1noxps4,MH
1noxsg6,SI
1noxtdx,HUMOR
1noxtwb,MH
1noxvzw,MH
1noxxbl,MH
1noxxsw,MH
1noy3c7,HUMOR
1noy7aa,MH
1noy9ek,HUMOR
1noy9y1,MH
1noybb8,SI
1noybgl,SI
1noycmn,HUMOR
1noyidl,HUMOR
1noyl2g,MH
1noylx3,SI
1noyp9n,MH
1noypao,NEU
1noyqfl,MH
1noyv7t,SI
1noyvwc,HUMOR
1noywg5,HUMOR
1noyxx4,MH
1noyy0n,MH
1noyyks,HUMOR
1noz0ze,MH
1noz3mj,MH
1noz5cx,HUMOR
1noz5lx,HUMOR
1noz98a,MH
1nozb6g,MH
1nozcty,MH
1nozfre,HUMOR
1nozg8j,HUMOR
1nozgm5,HUMOR
1nozkfp,SI
1nozm1m,MH
1nozn07,HUMOR
1nozo07,HUMOR
1nozo4v,SI
1nozptg,HUMOR
1nozqcy,HUMOR
1nozqzt,HUMOR
1nozr87,MH
1nozrq2,MH
1nozrys,MH
1nozsao,MH
1nozuag,MH
1nozw6m,MH
1nozxce,SI
1nozxlz,MH
1nozyom,MH
1nozze1,SI
1nozzk5,MH
1np01h8,SI
1np01wr,MH
1np05e8,SI
1np05uo,SI
1np07kl,HUMOR
1np07sl,MH
1np0k4c,HUMOR
1np0kco,SI
1np0kgk,NEU
1np0t34,HUMOR
1np0tcs,SI
1np0tkn,SI
1np0udi,MH
1np0va5,MH
1np0w5e,SI
1np0wmk,NEU
1np0xa8,MH
1np0y63,MH
1np10jr,MH
1np110s,HUMOR
1np12ds,SI
1np12o0,MH
1np149k,NEU
1np14x0,NEU
1np1641,SI
1np17wv,HUMOR
1np1b5q,MH
1np1b82,SI
1np1boh,HUMOR
1np1dtg,MH
1np1eu7,MH
1np1hqq,HUMOR
1np1hzt,SI
1np1j9k,MH
1np1lwh,MH
1np1o26,MH
1np1o6t,NEU
1np1r3v,MH
1np1v28,MH
1np1wuz,MH
1np1xkp,HUMOR
1np1yqw,NEU
1np1z1c,MH
1np1zu3,MH
1np20ff,HUMOR
1np2271,NEU
1np22fz,MH
1np22vf,MH
1np23x4,SI
1np25eg,MH
1np25la,HUMOR
1np25y6,HUMOR
1np273z,MH
1np27w9,MH
1np28tk,NEU
1np2920,MH
1np29xk,HUMOR
1np2eeq,SI
1np2gor,SI
1np2h21,HUMOR
1np2his,SI
1np2ig6,HUMOR
1np2il6,MH
1np2ivb,MH
1np2ljh,MH
1np2mhj,MH
1np2mpn,MH
1np2pnf,NEU
1np2q3f,MH
1np2qjm,MH
1np2qn4,MH
1np2qpo,MH
1np2u04,SI
1np2u4h,MH
1np2v94,HUMOR
1np2vnh,MH
1np2w01,HUMOR
1np2wja,MH
1np2wrw,MH
1np2xbr,HUMOR
1np2ykf,MH
1np319x,HUMOR
1np31hw,NEU
1np338f,SI
1np33c4,MH
1np35sp,NEU
1np3644,MH
1np36ky,SI
1np39aq,MH
1np3bpg,HUMOR
1np3c2v,MH
1np3f9d,MH
1np3g7c,MH
1np3k1i,HUMOR
1np3kgs,NEU
1np3lw1,HUMOR
1np3mqo,HUMOR
1np3nl6,MH
1np3nzn,SI
1np3oiz,NEU
1np3suh,SI
1np3v98,HUMOR
1np3vpb,HUMOR
1np3yrf,NEU
1np3yv5,SI
1np3z19,MH
1np3z26,HUMOR
1np3z58,MH
1np3z6k,HUMOR
1np40r4,SI
1np43xv,HUMOR
1np44vt,NEU
1np46cq,HUMOR
1np46fv,MH
1np489j,MH
1np49kg,MH
1np49s4,HUMOR
1np4ah5,SI
1np4eam,HUMOR
1np4j7o,MH
1np4kgt,HUMOR
1np4kw3,HUMOR
1np4lce,SI
1np4n14,SI
1np4o5g,MH
1np4o8b,HUMOR
1np4opx,MH
1np4pms,HUMOR
1np4r7q,MH
1np4rez,HUMOR
1np4tz6,HUMOR
1np4u16,NEU
1np4xl3,MH
1np4xzq,HUMOR
1np4z2h,SI
1np50qt,HUMOR
1np53b9,HUMOR
1np5624,HUMOR
1np56b0,NEU
1np576y,HUMOR
1np58nn,HUMOR
1np5aqv,NEU
1np5b7v,HUMOR
1np5bbm,HUMOR
1np5c7a,HUMOR
1np5cbp,MH
1np5cv1,NEU
1np5f2t,HUMOR
1np5jg2,MH
1np5jtr,SI
1np5kse,NEU
1np5lw1,NEU
1np5ndw,MH
1np5o20,HUMOR
1np5oai,SI
1np5sy8,HUMOR
1np5t6c,SI
1np5uzb,MH
1np5vhp,MH
1np5xl8,HUMOR
1np5zss,MH
1np60ob,NEU
1np61p1,MH
1np61uk,NEU
1np64nq,NEU
1np65kx,HUMOR
1np673x,MH
1np6767,NEU
1np680c,HUMOR
1np693s,MH
1np6aem,HUMOR
1np6atl,MH
1np6bef,HUMOR
1np6eny,MH
1np6h71,MH
1np6ht5,HUMOR
1np6ib1,SI
1np6l35,SI
1np6lsv,MH
1np6msx,SI
1np6neq,MH
1np6nhx,HUMOR
1np6p3z,NEU
1np6pvt,HUMOR
1np6pys,SI
1np6qaf,MH
1np6qr6,MH
1np6r0l,SI
1np6ra8,MH
1np6t1c,MH
1np6v84,HUMOR
1np6ve6,NEU
1np6y15,MH
1np6z25,HUMOR
1np70l4,MH
1np71io,MH
1np71y0,MH
1np72hz,HUMOR
1np72ti,HUMOR
1np754v,NEU
1np76on,HUMOR
1np76p5,NEU
1np76w9,SI
1np77l5,MH
1np78dd,MH
1np7abd,NEU
1np7aex,SI
1np7avn,NEU
1np7c6m,MH
1np7dds,MH
1np7hcd,NEU
1np7hjy,HUMOR
1np7iy3,MH
1np7j7m,MH
1np7j7w,MH
1np7jd8,HUMOR
1np7kkj,HUMOR
1np7l3u,HUMOR
1np7lrv,NEU
1np7mm2,NEU
1np7n8x,MH
1np7nnq,HUMOR
1np7nyo,MH
1np7o7d,MH
1np7qj1,NEU
1np7rcr,NEU
1np7ukr,MH
1np7v90,NEU
1np7xbu,NEU
1np7y6d,HUMOR
1np7ymg,HUMOR
1np805u,NEU
1np81ld,MH
1np83cx,MH
1np84ds,HUMOR
1np87rl,MH
1np8839,SI
1np88by,MH
1np89bp,NEU
1np8c4c,HUMOR
1np8dpu,HUMOR
1np8dr7,MH
1np8f3t,MH
1np8g5n,SI
1np8hcz,HUMOR
1np8hpp,HUMOR
1np8hrc,SI
1np8jp1,MH
1np8n21,HUMOR
1np8ogz,HUMOR
1np8pd2,HUMOR
1np8pye,HUMOR
1np8qcq,HUMOR
1np8qyx,SI
1np8rdr,HUMOR
1np8uya,MH
1np8vis,MH
1np8yir,HUMOR
1np8ypu,NEU
1np8ytz,HUMOR
1np8zez,HUMOR
1np8zw1,SI
1np8zwy,NEU
1np934r,NEU
1np936s,HUMOR
1np93z5,HUMOR
1np94jg,NEU
1np97ov,MH
1np9eqc,HUMOR
1np9fxe,HUMOR
1np9gxy,MH
1np9gzy,HUMOR
1np9j3p,HUMOR
1np9kx9,HUMOR
1np9l92,SI
1np9l96,HUMOR
1np9l9v,SI
1np9mp4,NEU
1np9o2k,NEU
1np9oj1,HUMOR
1np9p4e,HUMOR
1np9q92,HUMOR
1np9rkw,MH
1np9sxv,NEU
1np9txz,NEU
1np9uru,HUMOR
1np9y5v,NEU
1np9z7x,HUMOR
1npa09b,HUMOR
1npa1vl,NEU
1npa2da,MH
1npa3hn,MH
1npa40v,MH
1npa5ok,HUMOR
1npa5sk,NEU
1npa5tm,HUMOR
1npa6j9,MH
1npa8s4,HUMOR
1npab71,HUMOR
1npabn1,MH
1npac52,MH
1npaeza,MH
1npagfg,MH
1npahey,MH
1npahl2,HUMOR
1npal9y,HUMOR
1npamd8,MH
1npapcn,MH
1npaqo3,MH
1npar9r,SI
1nparcb,MH
1npase3,SI
1npaser,NEU
1npashu,NEU
1npasx3,HUMOR
1npau81,HUMOR
1npawih,HUMOR
1npb0ec,HUMOR
1npb37j,SI
1npb3b4,MH
1npb4su,MH
1npb6ho,MH
1npb6vl,SI
1npba37,HUMOR
1npbaqz,HUMOR
1npbedp,MH
1npbgcm,NEU
1npbgkc,MH
1npbhxx,HUMOR
1npbirs,MH
1npbjrd,NEU
1npbnn0,NEU
1npbnp7,MH
1npbnzs,SI
1npbobi,SI
1npbpl4,MH
1npbsl7,HUMOR
1npbtdv,SI
1npbv9f,HUMOR
1npbxb4,NEU
1npbxxh,NEU
1npbyfa,HUMOR
1npbylj,HUMOR
1npbz65,MH
1npc0f7,MH
1npc1c3,MH
1npc2hu,MH
1npc416,SI
1npc489,HUMOR
1npc685,HUMOR
1npc7ha,MH
1npc9w0,MH
1npcbep,MH
1npccrb,HUMOR
1npcf39,HUMOR
1npch4s,MH
1npchin,HUMOR
1npci9v,NEU
1npciks,SI
1npcksy,MH
1npcl1u,HUMOR
1npcp4u,MH
1npct5h,SI
1npcuot,MH
1npcw1g,NEU
1npcyj0,MH
1npcz9p,HUMOR
1npczv1,SI
1npd0sg,SI
1npd14y,MH
1npd1mm,MH
1npd364,HUMOR
1npd3bv,NEU
1npd3u8,SI
1npd7ic,HUMOR
1npdbns,NEU
1npdc4x,SI
1npddff,MH
1npddyg,HUMOR
1npdex3,SI
1npdg59,NEU
1npdgq3,SI
1npdhpi,HUMOR
1npdl1d,HUMOR
1npdl1t,HUMOR
1npdmcx,MH
1npdmi0,MH
1npdo76,HUMOR
1npdoc4,MH
1npdres,MH
1npdtp3,SI
1npdv9r,MH
1npdyoo,HUMOR
1npdzbl,MH
1npdzwz,HUMOR
1npe02q,MH
1npe0pw,SI
1npe1wl,MH
1npe2o1,HUMOR
1npe2sf,NEU
1npe39j,NEU
1npe43f,SI
1npe6h5,MH
1npe7xu,NEU
1npebbg,HUMOR
1npecgw,HUMOR
1npefth,SI
1npeixk,HUMOR
1npejbi,HUMOR
1npejbw,NEU
1npel53,NEU
1npell7,MH
1npelvg,MH
1npem8q,NEU
1npencb,NEU
1npenik,NEU
1npenp3,NEU
1npeoi2,NEU
1npeqxv,MH
1nperqr,NEU
1npetwl,SI
1npeug1,HUMOR
1npevo1,NEU
1npey3f,NEU
1npez40,SI
1npf07m,MH
1npf2ix,SI
1npf93i,MH
1npf9kq,HUMOR
1npfawc,MH
1npfbkv,MH
1npfbov,HUMOR
1npfc99,MH
1npfco8,MH
1npfdbj,MH
1npfeos,NEU
1npff2h,MH
1npff80,MH
1npffct,HUMOR
1npffhd,MH
1npfgv4,MH
1npfjb8,NEU
1npfm29,MH
1npfn22,SI
1npfnt5,MH
1npfoby,MH
1npfr7q,MH
1npfufy,SI
1npfy78,MH
1npfz86,MH
1npfzjs,NEU
1npfzvw,SI
1npg0n8,HUMOR
1npg2ju,HUMOR
1npg351,HUMOR
1npg4b1,NEU
1npg4ts,MH
1npgece,MH
1npggqj,HUMOR
1npgnum,NEU
1npgql7,HUMOR
1npgt64,HUMOR
1npgvng,HUMOR
1nph4xh,HUMOR
1nph7ju,HUMOR
1nph7zb,HUMOR
1nph8nt,HUMOR
1nphg44,HUMOR
1nphn19,HUMOR
1nphp6f,HUMOR
1nphvvl,NEU
1nphyws,HUMOR
1npi7w1,HUMOR
1npifs4,MH
1npifym,HUMOR
1npihld,HUMOR
1npils5,MH
1npipts,NEU
1npir8d,HUMOR
1npirr4,HUMOR
1npit43,MH
1npiv50,HUMOR
1npj0nt,HUMOR
1npj1sq,MH
1npj3m4,SI
1npjddq,HUMOR
1npjrfi,HUMOR
1npjwqy,HUMOR
1npk7n2,SI
1npk94u,HUMOR
1npka64,MH
1npkasx,NEU
1npkbox,NEU
1npked0,HUMOR
1npkerw,MH
1npkfe0,HUMOR
1npkgnb,HUMOR
1npkhkq,NEU
1npkif9,NEU
1npkj8h,HUMOR
1npkmkl,NEU
1npkno3,HUMOR
1npkrfx,MH
1npkt0r,NEU
1npkyf9,MH
1npl0l3,NEU
1npl4a7,NEU
1npl6of,HUMOR
1nplbzj,HUMOR
1nplhav,HUMOR
1nplo5f,MH
1nplptz,MH
1nplrwz,SI
1npltfa,MH
1nplxvd,HUMOR
1npm0rz,NEU
1npm6xf,NEU
1npm7tf,HUMOR
1npmpci,NEU
1npmsu2,HUMOR
1npn0ui,HUMOR
1npn9a3,MH
1npnbjt,HUMOR
1npnrsd,MH
1npnujx,MH
1npnwce,MH
1npo0bf,HUMOR
1npo2p2,HUMOR
1npo882,HUMOR
1npoc2m,MH
1npofgx,MH
1npohg3,MH
1npoj7n,MH
1npoj8e,HUMOR
1npom2a,MH
1nporbl,SI
1npou00,HUMOR
1npowxd,MH
1npoy0b,HUMOR
1npp1gp,HUMOR
1npp1xa,HUMOR
1nppah6,MH
1nppdzl,MH
1nppknp,HUMOR
1nppnuo,SI
1npprst,HUMOR
1npprur,HUMOR
1nppuu3,SI
1nppvkc,NEU
1nppvmt,MH
1nppyxd,SI
1npq7pf,HUMOR
1npqakc,SI
1npqd8n,MH
1npqjnv,MH
1npqluc,SI
1npqm81,MH
1npqo8b,HUMOR
1npqw83,HUMOR
1npqwsu,MH
1npqxiq,HUMOR
1npr014,MH
1npr0ch,MH
1npr0n7,SI
1npr11s,MH
1npr1zg,SI
1npr912,SI
1nprg8z,HUMOR
1nprh5r,MH
1npriey,SI
1nprnkr,HUMOR
1nprp4w,MH
1nprtkk,SI
1nprx9x,SI
1nps19r,MH
1nps38p,MH
1nps5b7,HUMOR
1nps8rk,HUMOR
1npsfdh,MH
1npsgir,SI
1npsgqn,MH
1npsikp,MH
1npsqad,HUMOR
1npsqpa,MH
1npsrye,HUMOR
1npsugs,HUMOR
1npsw0z,MH
1npsw7r,SI
1npsy0t,MH
1npsyy2,MH
1npt0ko,MH
1npt2yc,SI
1npt5nw,HUMOR
1npt5y9,SI
1npt6mb,HUMOR
1npt81s,SI
1npt8ex,MH
1npt93p,NEU
1nptcfh,MH
1nptci8,MH
1nptenl,HUMOR
1nptevy,MH
1nptguq,HUMOR
1nptifa,MH
1nptkfj,MH
1nptm9r,MH
1nptmfo,HUMOR
1nptmmt,MH
1nptn88,MH
1nptngq,HUMOR
1npto0q,MH
1nptqs8,HUMOR
1nptyat,MH
1npu5m0,HUMOR
1npu5vs,HUMOR
1npubz6,MH
1npuclg,HUMOR
1npude1,MH
1npufie,HUMOR
1npug5q,MH
1npuhvk,SI
1npulza,HUMOR
1npun1q,HUMOR
1npune7,MH
1npuotk,MH
1npusjk,HUMOR
1npuvpn,MH
1npuwws,MH
1npuyye,NEU
1npv0v3,HUMOR
1npv11f,MH
1npv3yh,MH
1npv4pj,HUMOR
1npv4r5,HUMOR
1npv558,HUMOR
1npv68n,MH
1npv6g7,HUMOR
1npv6up,MH
1npv719,SI
1npvb05,SI
1npvd5p,HUMOR
1npvf57,MH
1npvfgw,SI
1npvjwa,MH
1npvnaf,MH
1npvp9q,SI
1npvqim,MH
1npvqr6,MH
1npvr0l,SI
1npvu80,SI
1npvvwk,HUMOR
1npw10i,MH
1npw31c,HUMOR
1npw5s3,MH
1npw80a,HUMOR
1npw877,SI
1npwd0k,SI
1npwd2w,MH
1npwdg8,HUMOR
1npwe4l,MH
1npwfl5,MH
1npwgow,HUMOR
1npwh49,MH
1npwj4e,HUMOR
1npwk8d,MH
1npwmkj,SI
1npwoyq,MH
1npwp69,NEU
1npwpc2,MH
1npwptq,MH
1npwpyw,NEU
1npwq86,HUMOR
1npwr3i,MH
1npws9m,MH
1npwt8i,SI
1npwu4w,SI
1npwvh0,SI
1npwvvv,HUMOR
1npww2m,SI
1npww9v,HUMOR
1npwyag,NEU
1npx0pd,MH
1npx1rm,MH
1npx2fc,SI
1npx4lr,MH
1npx6pv,MH
1npx8h0,HUMOR
1npx8np,HUMOR
1npx916,MH
1npxbel,HUMOR
1npxc6x,NEU
1npxcef,SI
1npxgax,MH
1npxgi3,MH
1npxgjr,HUMOR
1npxgp2,NEU
1npxguz,SI
1npxjsq,MH
1npxknk,MH
1npxlkp,MH
1npxmvj,MH
1npxnbn,MH
1npxodl,HUMOR
1npxs5m,NEU
1npxtc7,MH
1npxugq,MH
1npy0ix,HUMOR
1npy0vd,SI
1npy2tz,NEU
1npy533,HUMOR
1npyauz,MH
1npybqy,MH
1npybx2,NEU
1npyefp,HUMOR
1npyfkt,MH
1npyinf,MH
1npyinu,MH
1npykzv,NEU
1npyl2w,HUMOR
1npymec,SI
1npyn65,HUMOR
1npyngt,SI
1npyq6x,HUMOR
1npyqfh,SI
1npyqot,NEU
1npys4n,SI
1npyw8h,NEU
1npyww3,NEU
1npyz86,HUMOR
1npz04i,HUMOR
1npz0qr,MH
1npz20k,MH
1npz2ek,MH
1npz49r,MH
1npz50z,MH
1npz572,MH
1npz579,HUMOR
1npz5a6,HUMOR
1npz7ba,HUMOR
1npzabh,MH
1npzcc8,NEU
1npzebm,NEU
1npzfj4,NEU
1npzfq3,MH
1npzgbf,SI
1npzgct,MH
1npzgrl,SI
1npzhgq,SI
1npzidv,MH
1npzjdp,NEU
1npzkq1,MH
1npzl5s,HUMOR
1npzmy6,MH
1npzner,MH
1npznf4,MH
1npznvs,NEU
1npzoki,MH
1npzrlr,MH
1npztd1,SI
1npzthp,MH
1npztib,SI
1npzuno,HUMOR
1npzv3q,MH
1npzvf7,MH
1npzwsc,MH
1nq015q,SI
1nq01j6,NEU
1nq01xl,MH
1nq02p7,SI
1nq064d,SI
1nq06kv,NEU
1nq070s,MH
1nq08fc,MH
1nq0941,MH
1nq0b4y,NEU
1nq0bqg,SI
1nq0cey,HUMOR
1nq0d1v,MH
1nq0dfl,SI
1nq0e6g,HUMOR
1nq0fbp,HUMOR
1nq0gf4,MH
1nq0kxw,NEU
1nq0kz8,SI
1nq0l82,MH
1nq0lds,NEU
1nq0lxs,MH
1nq0mrx,MH
1nq0nhj,MH
1nq0oid,NEU
1nq0pi9,NEU
1nq0r3e,SI
1nq0sg4,SI
1nq0syv,NEU
1nq0uec,NEU
1nq0usl,MH
1nq0wiw,SI
1nq0z05,HUMOR
1nq10sc,MH
1nq11ip,NEU
1nq121q,NEU
1nq12dj,MH
1nq13ek,MH
1nq15bm,NEU
1nq15x1,SI
1nq1698,MH
1nq175t,NEU
1nq193m,HUMOR
1nq1949,NEU
1nq1a4d,MH
1nq1ah4,MH
1nq1av8,HUMOR
1nq1c3z,NEU
1nq1cvk,SI
1nq1dkp,HUMOR
1nq1f7y,NEU
1nq1g23,HUMOR
1nq1jor,NEU
1nq1uw9,HUMOR
1nq1vhu,NEU
1nq1xik,MH
1nq1yed,SI
1nq1yrf,HUMOR
1nq1z6y,NEU
1nq20be,NEU
1nq22l1,MH
1nq22wi,HUMOR
1nq23b1,MH
1nq24eb,HUMOR
1nq26o2,MH
1nq27ln,MH
1nq27qs,NEU
1nq292b,HUMOR
1nq2b4i,HUMOR
1nq2c76,HUMOR
1nq2ctg,HUMOR
1nq2ezf,MH
1nq2h0q,MH
1nq2hr1,HUMOR
1nq2i8q,HUMOR
1nq2ipn,MH
1nq2j73,HUMOR
1nq2lb0,MH
1nq2lvi,SI
1nq2lyg,NEU
1nq2mkp,MH
1nq2ntc,SI
1nq2po7,MH
1nq2qxl,HUMOR
1nq2twv,SI
1nq2uyd,NEU
1nq2vi1,HUMOR
1nq2wdp,MH
1nq30p1,SI
1nq31ye,MH
1nq3383,HUMOR
1nq33wv,HUMOR
1nq35dp,HUMOR
1nq385z,NEU
1nq3a18,SI
1nq3ade,HUMOR
1nq3fub,NEU
1nq3jb7,MH
1nq3k7k,HUMOR
1nq3osu,HUMOR
1nq3tek,HUMOR
1nq46mz,HUMOR
1nq48ko,HUMOR
1nq4ide,NEU
1nq4lns,HUMOR
1nq4ngf,HUMOR
1nq4xwj,MH
1nq56s8,HUMOR
1nq5a7d,HUMOR
1nq5d6c,HUMOR
1nq5efj,HUMOR
1nq5fhl,HUMOR
1nq5hn6,MH
1nq5ohs,HUMOR
1nq5rmi,HUMOR
1nq5ujc,NEU
1nq5xbk,HUMOR
1nq5z9l,MH
1nq631g,SI
1nq6692,HUMOR
1nq6aeb,HUMOR
1nq6lve,HUMOR
1nq6ny9,HUMOR
1nq6pb4,HUMOR
1nq6qza,NEU
1nq6umr,NEU
1nq7fig,HUMOR
1nq7h9s,HUMOR
1nq7iym,HUMOR
1nq7jsb,HUMOR
1nq7laq,MH
1nq7p4c,NEU
1nq7xe4,HUMOR
1nq857s,NEU
1nq8cgv,HUMOR
1nq8e8a,NEU
1nq8j59,HUMOR
1nq95qg,MH
1nq9ae2,HUMOR
1nq9aze,HUMOR
1nq9cos,HUMOR
1nq9euy,MH
1nq9f2c,HUMOR
1nq9fz0,MH
1nq9hxk,HUMOR
1nq9rxe,HUMOR
1nqa0k6,MH
1nqa5ui,HUMOR
1nqa68y,MH
1nqaj4t,NEU
1nqamga,HUMOR
1nqb56c,MH
1nqb7zm,HUMOR
1nqba98,NEU
1nqbp45,NEU
1nqbqol,MH
1nqbrgy,HUMOR
1nqbrth,MH
1nqc31k,HUMOR
1nqc9qo,NEU
1nqckbo,MH
1nqcl1o,HUMOR
1nqcq6d,HUMOR
1nqcrnx,SI
1nqczlk,MH
1nqdejz,HUMOR
1nqdk1d,HUMOR
1nqdv2v,HUMOR
1nqdyk0,NEU
1nqe9z4,HUMOR
1nqef7x,HUMOR
1nqei06,MH
1nqeosr,NEU
1nqeowy,HUMOR
1nqep0d,SI
1nqeq65,NEU
1nqesbk,HUMOR
1nqewcf,MH
1nqeznk,HUMOR
1nqf4l6,NEU
1nqf7mf,HUMOR
1nqfej6,HUMOR
1nqfp3z,MH
1nqg1qk,MH
1nqg2hv,HUMOR
1nqg7zi,SI
1nqgeqf,MH
1nqgmgb,SI
1nqgsgy,HUMOR
1nqguxu,HUMOR
1nqgz2x,MH
1nqh0e8,NEU
1nqh0pl,HUMOR
1nqh2a3,HUMOR
1nqh3nk,SI
1nqh6m3,HUMOR
1nqh993,MH
1nqh9fa,MH
1nqhawz,HUMOR
1nqhcjx,HUMOR
1nqhdnt,NEU
1nqhh28,HUMOR
1nqhih9,HUMOR
1nqhlfl,MH
1nqhtz4,HUMOR
1nqhv43,HUMOR
1nqhvsh,HUMOR
1nqi005,HUMOR
1nqi26d,MH
1nqi3y6,HUMOR
1nqi6qb,HUMOR
1nqif2r,HUMOR
1nqig5r,HUMOR
1nqijxu,SI
1nqilru,HUMOR
1nqilwc,MH
1nqiujt,SI
1nqj002,HUMOR
1nqjatx,HUMOR
1nqjbp9,MH
1nqjd09,HUMOR
1nqjmy8,HUMOR
1nqjn59,HUMOR
1nqjvyg,MH
1nqjw8l,HUMOR
1nqk0cv,MH
1nqk266,MH
1nqkddd,HUMOR
1nqkdt8,HUMOR
1nqkg96,HUMOR
1nqkp6k,MH
1nqkwsx,MH
1nql376,HUMOR
1nqla9f,MH
1nqljse,MH
1nqlwh7,HUMOR
1nqlxs7,MH
1nqmekq,MH
1nqmhmo,MH
1nqmkc2,HUMOR
1nqmkjq,MH
1nqmwwn,MH
1nqmy8m,MH
1nqmz5r,MH
1nqn1cd,HUMOR
1nqn6l7,SI
1nqneud,SI
1nqnfer,HUMOR
1nqni5b,MH
1nqnizx,HUMOR
1nqnk6x,MH
1nqnqge,MH
1nqnzec,MH
1nqo03r,HUMOR
1nqo0p7,SI
1nqo56t,MH
1nqo7fe,NEU
1nqo8ej,MH
1nqoczw,MH
1nqoiby,MH
1nqojv1,HUMOR
1nqonon,SI
1nqopko,MH
1nqoq58,HUMOR
1nqoqa7,HUMOR
1nqoxdd,MH
1nqoyvw,SI
1nqp9q3,NEU
1nqpa7j,HUMOR
1nqpbds,MH
1nqpc9s,MH
1nqpdjt,HUMOR
1nqph7s,MH
1nqphdc,MH
1nqplss,MH
1nqpu6d,SI
1nqpz1j,MH
1nqpzvx,MH
1nqq14w,SI
1nqq1ns,HUMOR
1nqq7lx,MH
1nqq7s2,MH
1nqqd3m,MH
1nqqeyk,HUMOR
1nqqfqa,MH
1nqqg8h,NEU
1nqqhmf,HUMOR
1nqqi0z,HUMOR
1nqqi1i,HUMOR
1nqqi7c,HUMOR
1nqqjaz,NEU
1nqqkn2,MH
1nqqo32,MH
1nqqqi8,SI
1nqqsln,HUMOR
1nqqut5,NEU
1nqqx1w,HUMOR
1nqqy7k,NEU
1nqqylb,MH
1nqr03l,MH
1nqr0ef,HUMOR
1nqr35a,HUMOR
1nqr3yw,NEU
1nqr8dy,SI
1nqr8k8,MH
1nqr8se,MH
1nqr9sj,NEU
1nqrebg,NEU
1nqrf2z,SI
1nqrnty,HUMOR
1nqro97,SI
1nqromf,HUMOR
1nqrq58,MH
1nqrqmj,HUMOR
1nqrruc,MH
1nqrt4q,HUMOR
1nqrtw8,MH
1nqrzpe,SI
1nqs10l,SI
1nqs1jh,SI
1nqs2lk,MH
1nqs4it,MH
1nqs4le,NEU
1nqs4md,MH
1nqsc1n,SI
1nqsdpb,HUMOR
1nqsdpv,SI
1nqsgst,NEU
1nqsifc,MH
1nqsit5,MH
1nqsito,MH
1nqsj8v,NEU
1nqsk7x,SI
1nqskq0,HUMOR
1nqsl8t,HUMOR
1nqsl9z,MH
1nqsp10,MH
1nqspkr,MH
1nqsr3b,SI
1nqsssl,HUMOR
1nqswd5,MH
1nqswm7,MH
1nqsyob,MH
1nqszxi,MH
1nqt14q,NEU
1nqt4hi,NEU
1nqt4mm,HUMOR
1nqt4xy,HUMOR
1nqt57u,NEU
1nqt58u,MH
1nqt5mj,NEU
1nqt656,MH
1nqt76g,SI
1nqt83l,HUMOR
1nqt8pi,SI
1nqtaez,HUMOR
1nqtays,MH
1nqtb6h,HUMOR
1nqtd34,MH
1nqtd4o,HUMOR
1nqte4u,MH
1nqteu3,HUMOR
1nqtf0b,HUMOR
1nqtfdh,MH
1nqtgb2,MH
1nqtgcy,HUMOR
1nqtghd,NEU
1nqtn0j,MH
1nqtn9n,HUMOR
1nqtpm3,SI
1nqtpw6,HUMOR
1nqtq63,MH
1nqtqdv,HUMOR
1nqtqlp,SI
1nqttr2,MH
1nqtuy5,HUMOR
1nqtvfi,NEU
1nqtxpc,MH
1nqtzew,NEU
1nqu1hl,MH
1nqu1iw,SI
1nqu23v,SI
1nqu30v,SI
1nqu4ea,MH
1nqu5bm,HUMOR
1nqu6l2,NEU
1nqu7ji,HUMOR
1nqu7s2,NEU
1nqu82f,NEU
1nqu84m,SI
1nquh5m,MH
1nquh6q,MH
1nquhe6,NEU
1nqui75,HUMOR
1nquilp,MH
1nquj6m,NEU
1nqume3,SI
1nqumgz,HUMOR
1nqunf9,NEU
1nqupca,MH
1nqupu8,HUMOR
1nqus9k,NEU
1nqutzw,MH
1nquuy8,MH
1nquwvi,SI
1nquzwx,NEU
1nqv0da,MH
1nqv0iz,HUMOR
1nqv3hs,MH
1nqv4gi,HUMOR
1nqv5ji,NEU
1nqv5u3,MH
1nqv73j,MH
1nqv84n,HUMOR
1nqv9s1,HUMOR
1nqva8i,MH
1nqvd82,HUMOR
1nqvdrs,NEU
1nqveyq,NEU
1nqvf5g,NEU
1nqvfri,SI
1nqvg7j,SI
1nqvgaw,SI
1nqvi97,HUMOR
1nqviiv,MH
1nqvl4d,NEU
1nqvlxp,SI
1nqvo1u,MH
1nqvo7b,SI
1nqvojj,NEU
1nqvqi0,MH
1nqvrf3,MH
1nqvrvt,MH
1nqvs67,MH
1nqvs5z,MH
1nqvsl7,MH
1nqvsro,NEU
1nqvu6m,NEU
1nqvweg,MH
1nqvwr1,MH
1nqvy7k,SI
1nqvzfc,HUMOR
1nqw1c9,SI
1nqw2y9,MH
1nqw5d3,MH
1nqw89s,NEU
1nqwe0w,HUMOR
1nqwe8s,NEU
1nqwgpj,MH
1nqwhg0,MH
1nqwi0x,MH
1nqwi28,MH
1nqwjfb,MH
1nqwkk4,MH
1nqwlf2,HUMOR
1nqwmcp,MH
1nqwnf9,SI
1nqwnva,MH
1nqwo14,MH
1nqwoao,NEU
1nqwpyl,MH
1nqwqzv,NEU
1nqwsac,NEU
1nqwtge,SI
1nqwu2g,MH
1nqwv51,NEU
1nqwy0j,MH
1nqwyon,MH
1nqx4fj,SI
1nqx4j4,HUMOR
1nqx6d6,HUMOR
1nqx7sz,HUMOR
1nqx9ub,NEU
1nqx9z3,HUMOR
1nqxe3t,MH
1nqxfe8,MH
1nqxfp2,MH
1nqxrtk,HUMOR
1nqxrzb,NEU
1nqxvnb,HUMOR
1nqy0o1,HUMOR
1nqy15u,HUMOR
1nqy1d6,HUMOR
1nqy9dh,HUMOR
1nqyas3,NEU
1nqymcm,MH
1nqyslt,HUMOR
1nqyzdc,HUMOR
1nqz06t,MH
1nqz1g8,HUMOR
1nqze8j,MH
1nqzmo2,HUMOR
1nqzsin,HUMOR
1nr06ff,NEU
1nr0dr7,MH
1nr0lno,HUMOR
1nr0sti,MH
1nr1579,NEU
1nr172f,HUMOR
1nr18r1,NEU
1nr1b0b,HUMOR
1nr1dkr,HUMOR
1nr1fbf,SI
1nr1idj,MH
1nr1sxs,HUMOR
1nr1urr,HUMOR
1nr1ztv,HUMOR
1nr25p8,MH
1nr28eg,HUMOR
1nr2ayq,MH
1nr2deh,SI
1nr2j4s,MH
1nr3air,MH
1nr3ein,HUMOR
1nr3gm4,SI
1nr3ipr,MH
1nr3v2m,HUMOR
1nr3y0s,HUMOR
1nr423e,HUMOR
1nr43rj,NEU
1nr4dy7,HUMOR
1nr4i4a,MH
1nr4jxp,NEU
1nr4l51,HUMOR
1nr4neh,MH
1nr4s26,MH
1nr4xzz,MH
1nr545n,HUMOR
1nr564b,HUMOR
1nr57nx,HUMOR
1nr5e61,HUMOR
1nr5go7,HUMOR
1nr5h2j,HUMOR
1nr5mgi,MH
1nr5ux6,SI
1nr5w0c,HUMOR
1nr5zkf,HUMOR
1nr616r,HUMOR
1nr66re,HUMOR
1nr6aef,MH
1nr6c2g,MH
1nr6ckp,SI
1nr6fw8,HUMOR
1nr6oao,MH
1nr6ozm,HUMOR
1nr6z63,MH
1nr7302,SI
1nr74fe,HUMOR
1nr77ac,NEU
1nr7942,HUMOR
1nr7gqh,HUMOR
1nr7wu1,HUMOR
1nr7y0o,HUMOR
1nr7zyt,MH
1nr843q,HUMOR
1nr85au,MH
1nr86w0,MH
1nr872p,NEU
1nr87t5,NEU
1nr8hqo,HUMOR
1nr8kg2,HUMOR
1nr8nj9,HUMOR
1nr8xnc,NEU
1nr9bky,MH
1nr9bzx,MH
1nr9f72,MH
1nr9kiq,SI
1nra5vm,MH
1nraa2r,SI
1nraa64,HUMOR
1nrahov,HUMOR
1nratp3,SI
1nrayi5,HUMOR
1nrazwn,MH
1nrb25k,MH
1nrb4pm,HUMOR
1nrb556,HUMOR
1nrb640,MH
1nrb6yb,MH
1nrb9wc,MH
1nrbtv4,HUMOR
1nrbu37,MH
1nrby3t,HUMOR
1nrbyvt,HUMOR
1nrc9bt,HUMOR
1nrc9kp,MH
1nrcepu,SI
1nrcrbb,MH
1nrcsec,MH
1nrcthp,HUMOR
1nrd17v,HUMOR
1nrd281,HUMOR
1nrdc4s,HUMOR
1nrdd05,HUMOR
1nrddwc,HUMOR
1nrdfad,HUMOR
1nrdkfi,MH
1nrdm10,HUMOR
1nrdme4,MH
1nrdo7k,HUMOR
1nrdzm0,SI
1nre5m9,MH
1nrefwq,HUMOR
1nreh1a,HUMOR
1nrel5s,HUMOR
1nrez3z,HUMOR
1nrf2ng,MH
1nrf6le,MH
1nrf7yg,MH
1nrf9u0,HUMOR
1nrfc6b,MH
1nrfcoo,HUMOR
1nrfdqo,HUMOR
1nrfh3z,MH
1nrfivc,HUMOR
1nrfjj2,SI
1nrfrt1,MH
1nrfrte,HUMOR
1nrfsyh,HUMOR
1nrfzs3,SI
1nrg3vc,HUMOR
1nrg68m,MH
1nrg6dt,SI
1nrg7wp,HUMOR
1nrg8hg,MH
1nrgcth,MH
1nrgdjf,HUMOR
1nrgqyi,MH
1nrgucw,HUMOR
1nrgwxw,HUMOR
1nrh5tx,HUMOR
1nrh6uz,MH
1nrh8l7,SI
1nrh8q2,HUMOR
1nrhbps,SI
1nrhdgp,HUMOR
1nrhl2w,HUMOR
1nrhlig,MH
1nrhocf,MH
1nrhpf0,NEU
1nrhq49,MH
1nrhsh8,HUMOR
1nrht4x,SI
1nrhz1s,HUMOR
1nri0mx,MH
1nri1xl,HUMOR
1nri3ae,MH
1nri3u4,MH
1nri3ww,SI
1nri7dn,MH
1nri8rt,SI
1nribh6,SI
1nridgd,HUMOR
1nrif3m,MH
1nrih8x,MH
1nrijhe,HUMOR
1nrimas,NEU
1nriwfo,HUMOR
1nriwwh,SI
1nrix50,HUMOR
1nrixu9,MH
1nrj1e3,MH
1nrj2dc,HUMOR
1nrj3fl,SI
1nrj5p3,HUMOR
1nrjbw3,MH
1nrjchd,MH
1nrjdsy,SI
1nrje63,MH
1nrjexk,HUMOR
1nrjezx,MH
1nrji90,MH
1nrjk90,HUMOR
1nrjlmm,MH
1nrjmxl,MH
1nrjnz5,MH
1nrjorw,HUMOR
1nrjouw,SI
1nrjqhi,MH
1nrjtbu,MH
1nrjten,MH
1nrju2f,MH
1nrjw2q,MH
1nrk064,MH
1nrk0ti,MH
1nrk3vy,MH
1nrk48w,HUMOR
1nrk63y,MH
1nrk6b7,HUMOR
1nrk6dz,HUMOR
1nrk6uf,MH
1nrk8wz,HUMOR
1nrk9tk,SI
1nrkakw,MH
1nrkbk2,SI
1nrkcxx,HUMOR
1nrke0x,MH
1nrkebe,MH
1nrkg6c,HUMOR
1nrkjan,MH
1nrkm6i,NEU
1nrkobb,MH
1nrkose,HUMOR
1nrkosz,SI
1nrkp8u,HUMOR
1nrkqq6,MH
1nrkr3u,NEU
1nrksv6,SI
1nrksvb,MH
1nrksvj,NEU
1nrktv0,HUMOR
1nrku4l,NEU
1nrkxjo,SI
1nrkxyj,SI
1nrl001,MH
1nrl0dd,HUMOR
1nrl0h3,SI
1nrl0u7,HUMOR
1nrl2uj,NEU
1nrl4nz,NEU
1nrl59r,SI
1nrl5ah,MH
1nrl5oa,MH
1nrl6bq,SI
1nrl756,MH
1nrl9ev,SI
1nrl9l4,NEU
1nrlalk,MH
1nrlavk,NEU
1nrlcly,MH
1nrldn0,MH
1nrlizy,MH
1nrlkd8,NEU
1nrlmr1,MH
1nrlrlm,NEU
1nrlrn3,HUMOR
1nrlvz0,HUMOR
1nrlw71,SI
1nrlzen,MH
1nrm1vu,MH
1nrm2r0,MH
1nrm3z8,SI
1nrm4dd,MH
1nrm5o1,MH
1nrm6da,HUMOR
1nrm7sf,MH
1nrma8f,MH
1nrmaea,MH
1nrmaoo,HUMOR
1nrmc5u,MH
1nrmcab,NEU
1nrmd53,MH
1nrmews,MH
1nrmg8s,HUMOR
1nrmgwb,SI
1nrmhm7,SI
1nrmhni,MH
1nrmhpc,HUMOR
1nrmif5,MH
1nrmjf1,NEU
1nrmjjv,HUMOR
1nrmjz3,NEU
1nrmlhb,HUMOR
1nrmlra,SI
1nrmo7m,MH
1nrmowa,MH
1nrmp7d,HUMOR
1nrmpnv,SI
1nrmq67,NEU
1nrmr02,MH
1nrmraw,MH
1nrmrel,HUMOR
1nrmrpa,MH
1nrmrrq,MH
1nrms0f,MH
1nrmsib,NEU
1nrmt3z,HUMOR
1nrmtmd,HUMOR
1nrmvx1,HUMOR
1nrmyce,MH
1nrmzn0,HUMOR
1nrn1mz,HUMOR
1nrn2f3,SI
1nrn4gq,MH
1nrn6jo,NEU
1nrnalj,MH
1nrnawm,MH
1nrnblr,SI
1nrnc7y,SI
1nrncn2,SI
1nrncs6,HUMOR
1nrniqp,MH
1nrnivz,MH
1nrnl5b,MH
1nrnlyz,MH
1nrnmoz,MH
1nrnoga,SI
1nrnre4,MH
1nrns06,HUMOR
1nrnsl3,NEU
1nrnwjr,HUMOR
1nrnxhm,SI
1nrny5a,SI
1nrnyk3,NEU
1nrnytf,NEU
1nrnzmo,NEU
1nro06j,HUMOR
1nro1wo,MH
1nro2in,NEU
1nro40g,MH
1nro6y1,MH
1nro706,SI
1nro8eo,MH
1nro8gv,HUMOR
1nro9ce,NEU
1nro9dz,MH
1nrod5m,MH
1nroe1i,HUMOR
1nroeow,MH
1nrofbm,NEU
1nrog5s,SI
1nroiqy,MH
1nroivs,NEU
1nrokb4,SI
1nrokmv,SI
1nronhc,MH
1nroq7e,MH
1nrorm6,NEU
1nrowr8,SI
1nroyea,HUMOR
1nroyms,NEU
1nrozgc,MH
1nrp08k,MH
1nrp0s4,NEU
1nrp108,MH
1nrp1mz,MH
1nrp2m3,HUMOR
1nrp3dl,HUMOR
1nrpa8u,MH
1nrpbtz,MH
1nrpd3k,NEU
1nrpkqu,MH
1nrpm1u,MH
1nrpmr1,MH
1nrpmum,NEU
1nrpn6n,SI
1nrprem,MH
1nrpu73,MH
1nrpubx,HUMOR
1nrq12p,MH
1nrq2pi,MH
1nrq2sj,SI
1nrq33p,MH
1nrq6ej,HUMOR
1nrq6hg,HUMOR
1nrq6ut,HUMOR
1nrq7gw,MH
1nrq7xk,HUMOR
1nrq8ai,MH
1nrq8qt,NEU
1nrq9wz,MH
1nrqbxa,SI
1nrqcvl,SI
1nrqe69,HUMOR
1nrqftz,MH
1nrqh4n,MH
1nrqhj1,HUMOR
1nrqiht,MH
1nrqiiz,MH
1nrqj2z,MH
1nrqk3o,MH
1nrqkur,HUMOR
1nrqn3x,MH
1nrqosm,SI
1nrqpbc,SI
1nrqps5,MH
1nrqrxy,MH
1nrqswi,HUMOR
1nrqt6c,HUMOR
1nrquzp,MH
1nrqwg6,MH
1nrqwh9,SI
1nrqwjh,HUMOR
1nrqwwe,NEU
1nrqyjr,NEU
1nrqyo9,MH
1nrr0r9,HUMOR
1nrr1ov,SI
1nrr3ha,MH
1nrr3zy,MH
1nrr4ne,MH
1nrr4wb,HUMOR
1nrr57f,MH
1nrr6dn,SI
1nrr6wu,MH
1nrr9ka,NEU
1nrr9t1,MH
1nrr9th,NEU
1nrrazm,MH
1nrrcoh,NEU
1nrrdim,MH
1nrrfip,HUMOR
1nrrgla,HUMOR
1nrrjc9,HUMOR
1nrrld8,SI
1nrrm9n,HUMOR
1nrrn9z,HUMOR
1nrrr53,HUMOR
1nrrrui,MH
1nrrsso,NEU
1nrrtdt,MH
1nrrxg0,HUMOR
1nrrzs2,NEU
1nrs0ji,NEU
1nrs0nb,HUMOR
1nrs1gp,HUMOR
1nrs3un,MH
1nrs5za,MH
1nrs7jo,MH
1nrs7wr,HUMOR
1nrsfvh,HUMOR
1nrshn5,HUMOR
1nrsixp,NEU
1nrsme9,HUMOR
1nrsnc5,HUMOR
1nrss47,HUMOR
1nrsvd7,HUMOR
1nrt3uk,NEU
1nrt7bn,HUMOR
1nrtc24,HUMOR
1nrtm8n,NEU
1nrtqrx,HUMOR
1nrtsb7,HUMOR
1nrtxpo,HUMOR
1nru55b,SI
1nru6md,NEU
1nrufpb,MH
1nruhoe,HUMOR
1nrujuv,NEU
1nrukb9,HUMOR
1nruyiw,NEU
1nrv2hb,NEU
1nrv6ek,NEU
1nrvgb4,MH
1nrvlq9,MH
1nrvrmb,HUMOR
1nrvsl5,HUMOR
1nrvyvx,HUMOR
1nrw3cs,MH
1nrw6mu,HUMOR
1nrw7hn,NEU
1nrw90v,HUMOR
1nrx0x1,HUMOR
1nrx7ai,HUMOR
1nrxa9i,HUMOR
1nrxf1d,MH
1nrxf7r,SI
1nrxlbl,HUMOR
1nrxp8v,NEU
1nrxql7,MH
1nrxrzo,HUMOR
1nrxspf,MH
1nrxv3c,HUMOR
1nrxyqx,MH
1nry27e,MH
1nry7nu,HUMOR
1nryf2n,MH
1nryjd9,MH
1nryl6s,MH
1nryvar,HUMOR
1nryw6e,NEU
1nryyjd,HUMOR
1nrz0rx,MH
1nrz8hs,HUMOR
1nrz8m7,NEU
1nrzaxs,MH
1nrzcd5,NEU
1nrzdsr,SI
1nrzjet,MH
1nrzlbl,HUMOR
1nrzn49,MH
1nrzpyo,MH
1nrzquj,SI
1nrzsok,HUMOR
1nrzvwt,HUMOR
1ns01id,NEU
1ns031j,MH
1ns05on,MH
1ns05pz,HUMOR
1ns0asr,MH
1ns0cnm,NEU
1ns0dwz,NEU
1ns0ekv,MH
1ns0ii1,HUMOR
1ns0jio,HUMOR
1ns0jya,NEU
1ns0p54,NEU
1ns0tze,NEU
1ns150x,HUMOR
1ns192d,HUMOR
1ns1a42,SI
1ns1a9w,HUMOR
1ns1h16,HUMOR
1ns1i5p,MH
1ns1kqi,MH
1ns1mvd,SI
1ns1q2i,MH
1ns1r86,SI
1ns1txo,SI
1ns1x1u,MH
1ns1xtf,MH
1ns24ti,MH
1ns254m,NEU
1ns256p,HUMOR
1ns259i,HUMOR
1ns2c9z,MH
1ns2di7,MH
1ns2fgs,HUMOR
1ns2gix,NEU
1ns2gmw,NEU
1ns2h0d,MH
1ns2iw3,HUMOR
1ns2jzg,MH
1ns2m8d,MH
1ns2rdf,SI
1ns2uvd,HUMOR
1ns30dx,MH
1ns30mr,NEU
1ns370m,MH
1ns3a7r,SI
1ns3d6u,NEU
1ns3d7b,MH
1ns3fk6,HUMOR
1ns3g8j,SI
1ns3gxu,HUMOR
1ns3ibh,HUMOR
1ns3ivf,HUMOR
1ns3jkz,NEU
1ns3mc3,SI
1ns3n8m,MH
1ns3nfu,HUMOR
1ns3qlx,MH
1ns3r08,MH
1ns3sbl,SI
1ns3sxw,SI
1ns401w,MH
1ns483l,HUMOR
1ns48st,MH
1ns48te,MH
1ns496v,NEU
1ns4bkk,HUMOR
1ns4eeo,HUMOR
1ns4f93,HUMOR
1ns4i9v,MH
1ns4ioz,MH
1ns4rgw,HUMOR
1ns4tln,HUMOR
1ns4top,MH
1ns4uvu,HUMOR
1ns4v84,HUMOR
1ns4w3t,NEU
1ns4wh1,HUMOR
1ns4wxv,MH
1ns4ysu,HUMOR
1ns4z8e,SI
1ns4zvy,MH
1ns50rv,SI
1ns567f,SI
1ns5bvy,SI
1ns5fuw,SI
1ns5g52,NEU
1ns5ma1,HUMOR
1ns5men,HUMOR
1ns5rut,HUMOR
1ns5ta2,HUMOR
1ns5vrs,SI
1ns6083,HUMOR
1ns62wt,HUMOR
1ns653n,SI
1ns66vw,MH
1ns67f1,MH
1ns6duh,MH
1ns6ews,SI
1ns6j9p,MH
1ns6ki9,HUMOR
1ns6nim,NEU
1ns6pic,HUMOR
1ns6rtg,MH
1ns6uuv,MH
1ns6xri,MH
1ns6yxw,HUMOR
1ns70ly,NEU
1ns73zx,MH
1ns7a6v,HUMOR
1ns7dif,MH
1ns7ed1,HUMOR
1ns7f3r,MH
1ns7faq,MH
1ns7lxa,MH
1ns7p6x,HUMOR
1ns7uiu,MH
1ns7uv0,SI
1ns7ybw,SI
1ns7zpb,HUMOR
1ns83f4,MH
1ns8c59,MH
1ns8cpt,MH
1ns8dgf,HUMOR
1ns8g2y,MH
1ns8hxe,MH
1ns8j0x,MH
1ns8j6c,MH
1ns8k5u,MH
1ns8of1,SI
1ns8p3i,MH
1ns8pqk,SI
1ns8sf8,HUMOR
1ns8ttx,MH
1ns8v4w,MH
1ns8wtm,MH
1ns8ww9,SI
1ns8x9e,HUMOR
1ns8xgc,MH
1ns8yf3,HUMOR
1ns8z7i,HUMOR
1ns930s,MH
1ns947n,MH
1ns97o0,HUMOR
1ns9brn,HUMOR
1ns9brs,MH
1ns9fm0,MH
1ns9g0j,MH
1ns9gcr,MH
1ns9l96,HUMOR
1ns9pm8,MH
1ns9sk7,HUMOR
1ns9t1w,SI
1nsa1ef,MH
1nsa2e6,HUMOR
1nsa73z,HUMOR
1nsa7ev,MH
1nsa7qg,MH
1nsa869,SI
1nsa9x2,HUMOR
1nsabh2,HUMOR
1nsacij,MH
1nsadh1,MH
1nsadwh,HUMOR
1nsaf9k,MH
1nsafrr,MH
1nsah9p,MH
1nsahlq,SI
1nsai1j,HUMOR
1nsakjp,MH
1nsalt4,HUMOR
1nsaptw,HUMOR
1nsarv5,MH
1nsat5q,HUMOR
1nsaw6r,SI
1nsawzc,HUMOR
1nsayhy,MH
1nsazti,HUMOR
1nsb2cx,MH
1nsb34f,MH
1nsb435,MH
1nsb44a,MH
1nsb4l0,MH
1nsb5xx,MH
1nsb8ap,MH
1nsbaf0,MH
1nsbbos,HUMOR
1nsbc2f,SI
1nsbcdq,SI
1nsbekc,HUMOR
1nsbfy0,SI
1nsbgtp,MH
1nsbjic,MH
1nsbm0x,MH
1nsbosb,HUMOR
1nsbqa4,MH
1nsbruh,SI
1nsbsbf,NEU
1nsbupw,HUMOR
1nsbygc,SI
1nsc6f0,MH
1nsc7en,SI
1nsc8am,MH
1nsc9qu,MH
1nscc37,MH
1nscca4,MH
1nscccf,SI
1nscdnx,HUMOR
1nschoq,MH
1nsci3s,MH
1nscj2n,HUMOR
1nscjc2,MH
1nscl5v,MH
1nsclpr,SI
1nscm26,MH
1nscnqf,HUMOR
1nscon9,SI
1nscqrd,HUMOR
1nscz95,MH
1nsd0uw,HUMOR
1nsd1qi,MH
1nsd3gc,HUMOR
1nsd6ms,HUMOR
1nsd6oh,MH
1nsd8ej,MH
1nsd8za,NEU
1nsdajp,HUMOR
1nsdbyy,SI
1nsdcc4,HUMOR
1nsdcvw,MH
1nsddod,MH
1nsdfj2,HUMOR
1nsdj03,HUMOR
1nsdjrp,MH
1nsdltf,HUMOR
1nsdm25,SI
1nsdmq3,MH
1nsdmz1,NEU
1nsdmyx,HUMOR
1nsdvg5,MH
1nsdw92,SI
1nsdwme,HUMOR
1nse0df,HUMOR
1nse1fm,NEU
1nse1j2,NEU
1nse489,MH
1nse4cf,MH
1nse6h7,MH
1nseb5r,HUMOR
1nsec5y,HUMOR
1nsee0i,SI
1nsej33,SI
1nsejr3,HUMOR
1nsekmw,HUMOR
1nsen0b,NEU
1nseo6e,MH
1nseqbl,HUMOR
1nseqqf,HUMOR
1nserv5,SI
1nses8g,HUMOR
1nseszp,MH
1nset25,NEU
1nseumm,HUMOR
1nsev3a,HUMOR
1nsevce,MH
1nsewhd,SI
1nsf3ha,HUMOR
1nsf3kt,MH
1nsf3r8,MH
1nsf3ut,MH
1nsf4pk,HUMOR
1nsf75k,HUMOR
1nsfbta,MH
1nsfgi6,NEU
1nsfhx3,HUMOR
1nsfiwn,MH
1nsfl0t,MH
1nsflvi,HUMOR
1nsfm2y,NEU
1nsfnsq,NEU
1nsfoqn,MH
1nsfq4s,SI
1nsfr31,HUMOR
1nsfris,HUMOR
1nsft78,MH
1nsfxbi,SI
1nsfxd1,HUMOR
1nsfxru,NEU
1nsg0t5,HUMOR
1nsg17e,SI
1nsg2ug,MH
1nsg40f,MH
1nsg43e,MH
1nsg5cw,MH
1nsg7ke,MH
1nsg80e,SI
1nsg8oa,SI
1nsg8ou,HUMOR
1nsgejo,MH
1nsggdi,SI
1nsggqa,MH
1nsgih8,NEU
1nsgj9d,SI
1nsgjbm,MH
1nsgk6z,NEU
1nsgl6x,HUMOR
1nsglir,NEU
1nsgn31,MH
1nsgo8u,SI
1nsgpro,HUMOR
1nsgsql,MH
1nsgu6y,HUMOR
1nsgu9b,MH
1nsgv6b,MH
1nsgxks,MH
1nsgyvj,SI
1nsgzax,HUMOR
1nsh3hu,NEU
1nsh3st,HUMOR
1nsh4ao,SI
1nsh4pm,SI
1nsh79f,NEU
1nsh9mw,MH
1nshc2f,MH
1nshftp,MH
1nshh84,NEU
1nshh9e,SI
1nshhi8,MH
1nshku2,MH
1nshm0i,MH
1nshm0e,NEU
1nshon5,MH
1nshps4,SI
1nshqox,NEU
1nshqx8,HUMOR
1nshu94,SI
1nshw3f,MH
1nsi1xt,HUMOR
1nsi2ac,MH
1nsi36f,SI
1nsi4ul,HUMOR
1nsi61l,HUMOR
1nsi686,NEU
1nsi7t2,MH
1nsi99o,MH
1nsi9az,MH
1nsibis,NEU
1nsic5q,HUMOR
1nsigox,MH
1nsikgd,MH
1nsilwr,NEU
1nsir6j,MH
1nsir8h,HUMOR
1nsisbx,MH
1nsit6k,MH
1nsitta,HUMOR
1nsitxo,NEU
1nsj0uz,MH
1nsj2ny,HUMOR
1nsj2s2,HUMOR
1nsj45c,HUMOR
1nsj4ii,MH
1nsj4km,MH
1nsj5rs,HUMOR
1nsj8io,HUMOR
1nsjbaa,NEU
1nsjfw7,MH
1nsjgan,NEU
1nsjhd5,HUMOR
1nsjkbf,MH
1nsjm96,MH
1nsjmf9,NEU
1nsjniu,MH
1nsjo6l,NEU
1nsjpdn,MH
1nslhqw,HUMOR
1nslie6,HUMOR
1nslush,MH
1nsm8ui,MH
1nsmpm1,HUMOR
1nsn81w,HUMOR
1nsnhiz,HUMOR
1nsplj0,HUMOR
1nsqy9l,NEU
1nsr9b1,HUMOR
1nsrbia,HUMOR
1nsrfia,HUMOR
1nsrqru,HUMOR
1nsse53,HUMOR
1nssiqd,HUMOR
1nsstjp,HUMOR
1nstiz5,NEU
1nstmsf,HUMOR
1nstwaj,HUMOR
1nsu2mq,HUMOR
1nsu600,HUMOR
1nsv7ig,MH
1nsw4go,HUMOR
1nsw5nm,HUMOR
1nsw8qi,HUMOR
1nswf4m,NEU
1nsx0fs,HUMOR
1nsxd01,HUMOR
1nsxpt4,HUMOR
1nsybku,HUMOR
1nsyc6s,HUMOR
1nsyhnq,HUMOR
1nsynou,HUMOR
1nsz32y,HUMOR
1nszb83,HUMOR
1nszkbk,HUMOR
1nszn04,HUMOR
1nt07oz,HUMOR
1nt0l9d,HUMOR
1nt0ngk,HUMOR
1nt0yel,HUMOR
1nt1jag,HUMOR
1nt2w82,MH
1nt3879,HUMOR
1nt3or6,HUMOR
1nt3siv,HUMOR
1nt5hvs,SI
1nt64fs,MH
1nt6w5r,NEU
1nt7gpb,HUMOR
1nt7qqo,HUMOR
1nt7udp,MH
1nt7xdj,HUMOR
1nt80e0,SI
1nt8qzs,HUMOR
1nt8rlb,HUMOR
1nt94jm,NEU
1nt9705,NEU
1nt9c7k,HUMOR
1nt9p31,NEU
1nt9qxg,HUMOR
1nt9u8z,MH
1nta7te,NEU
1ntajv2,HUMOR
1ntalv6,NEU
1ntazoe,MH
1ntbsci,MH
1ntc57h,MH
1ntces8,MH
1ntcmv2,MH
1ntcrxt,HUMOR
1ntctvl,MH
1ntcw89,MH
1ntcx9e,MH
1ntcyc0,HUMOR
1ntd4j7,NEU
1ntd7lh,NEU
1ntda0q,HUMOR
1ntdbal,HUMOR
1ntdexe,HUMOR
1ntdhbq,HUMOR
1ntdqh5,SI
1ntdrqa,HUMOR
1ntdtvd,HUMOR
1ntdvjr,MH
1nte818,HUMOR
1nteuur,NEU
1ntf0mt,HUMOR
1ntfbpr,NEU
1ntfca6,HUMOR
1ntfi5p,HUMOR
1ntfj0n,HUMOR
1ntfnn7,SI
1ntfotk,MH
1ntfqhj,HUMOR
1ntfywn,SI
1ntg6ce,HUMOR
1ntgeny,NEU
1ntgnff,NEU
1ntgvg1,HUMOR
1nth4fc,MH
1nthadl,MH
1nthrzx,MH
1nthtjs,HUMOR
1nthv4a,HUMOR
1nthv5e,HUMOR
1nthvex,HUMOR
1nti2kt,NEU
1nti2q6,MH
1nti34s,NEU
1nti8pe,HUMOR
1ntifj7,HUMOR
1ntigtv,SI
1ntijvm,HUMOR
1ntilah,HUMOR
1ntimze,NEU
1ntizxs,MH
1ntj1c3,HUMOR
1ntj1uc,HUMOR
1ntj67n,MH
1ntj6ky,HUMOR
1ntja1l,NEU
1ntjbb3,HUMOR
1ntjcl6,HUMOR
1ntjkkb,MH
1ntjr4k,HUMOR
1ntjsc6,HUMOR
1ntjv45,HUMOR
1ntjwbc,HUMOR
1ntk6ji,NEU
1ntk86x,HUMOR
1ntkof0,HUMOR
1ntkug2,HUMOR
1ntkw0v,NEU
1ntl0g8,NEU
1ntl1ye,NEU
1ntl4th,SI
1ntlc3x,NEU
1ntlca0,HUMOR
1ntlfiy,MH
1ntlhax,NEU
1ntlk8o,NEU
1ntlsav,HUMOR
1ntlt0d,MH
1ntlx0d,MH
1ntlxr7,HUMOR
1ntmby4,HUMOR
1ntmk2y,NEU
1ntmmq4,HUMOR
1ntmopq,NEU
1ntmtkt,MH
1ntmulx,MH
1ntn2h1,MH
1ntn3bn,MH
1ntn5m8,SI
1ntnccj,HUMOR
1ntngii,MH
1ntni00,HUMOR
1ntnm4z,MH
1nto0l6,SI
1nto0s2,NEU
1nto20e,HUMOR
1nto496,SI
1nto52s,HUMOR
1nto658,HUMOR
1nto815,MH
1nto9d8,HUMOR
1ntob2q,HUMOR
1ntofvy,NEU
1ntoh96,NEU
1ntonp2,NEU
1ntoomk,HUMOR
1ntopxk,MH
1ntosfc,MH
1ntozcn,NEU
1ntozm6,HUMOR
1ntpcwc,NEU
1ntpffd,HUMOR
1ntpfm1,MH
1ntpilp,MH
1ntpozl,MH
1ntppkv,NEU
1ntpqz4,HUMOR
1ntpr1t,HUMOR
1ntpspd,HUMOR
1ntpzqf,HUMOR
1ntq330,HUMOR
1ntqbw3,HUMOR
1ntqcf1,MH
1ntqd1w,MH
1ntqedu,SI
1ntqfeb,HUMOR
1ntqirp,MH
1ntqkbh,HUMOR
1ntqmrv,NEU
1ntqn1a,HUMOR
1ntqwmk,HUMOR
1ntrbre,HUMOR
1ntrckc,HUMOR
1ntrdvr,MH
1ntrg1w,HUMOR
1ntrjvt,SI
1ntrk4g,HUMOR
1ntru4p,HUMOR
1ntrvb5,MH
1nts1zh,HUMOR
1nts34w,MH
1nts45v,HUMOR
1nts5i8,SI
1nts62s,MH
1nts6os,HUMOR
1nts7rg,HUMOR
1ntsan4,HUMOR
1ntslwm,NEU
1ntsolt,MH
1ntsp90,HUMOR
1ntsq8a,SI
1ntsqbn,MH
1ntsszs,HUMOR
1ntsu4m,HUMOR
1ntsus4,MH
1ntsx61,NEU
1ntszop,MH
1ntt5fk,MH
1ntt7zm,MH
1ntt8fd,MH
1ntt8t3,MH
1ntta44,HUMOR
1nttccg,HUMOR
1nttdqv,MH
1nttggp,SI
1nttiab,HUMOR
1nttmtv,MH
1nttnfv,SI
1ntto24,HUMOR
1nttq6e,HUMOR
1nttsx8,MH
1nttucj,MH
1nttvt1,MH
1nttzxc,HUMOR
1ntu65d,NEU
1ntu8fq,MH
1ntubxv,NEU
1ntuehd,MH
1ntujpa,MH
1ntukyq,SI
1ntulku,MH
1ntunvf,HUMOR
1ntuq8p,MH
1ntutqt,MH
1ntutsf,SI
1ntuulh,MH
1ntuvdg,SI
1ntux5l,SI
1ntv08f,MH
1ntv20o,SI
1ntv3jd,MH
1ntv3og,MH
1ntv45y,MH
1ntv4ez,SI
1ntv884,HUMOR
1ntva0n,HUMOR
1ntvd4i,MH
1ntvgq3,SI
1ntvjrl,SI
1ntvll7,MH
1ntvm6p,HUMOR
1ntvmkb,MH
1ntvolx,MH
1ntvpww,MH
1ntvr9m,SI
1ntvwoh,MH
1ntvx3a,NEU
1ntvyek,SI
1ntw396,MH
1ntw3fx,HUMOR
1ntw3z1,HUMOR
1ntw42x,SI
1ntw84i,MH
1ntw8nx,NEU
1ntwizs,SI
1ntwm9l,MH
1ntwqcf,SI
1ntwrwg,SI
1ntws5t,MH
1ntwwne,HUMOR
1ntwx89,MH
1ntwx9u,MH
1ntwypq,MH
1ntwytj,NEU
1ntwzeh,MH
1ntx1i9,SI
1ntx1yb,HUMOR
1ntx389,SI
1ntx4ey,MH
1ntx5a0,MH
1ntx8w7,NEU
1ntxdjs,NEU
1ntxq6r,SI
1ntxrgn,HUMOR
1ntxvvn,HUMOR
1nty0aw,MH
1nty2d6,HUMOR
1nty31i,HUMOR
1nty341,SI
1nty6h3,HUMOR
1ntybmz,MH
1ntyecr,MH
1ntyf1s,SI
1ntyfht,NEU
1ntyft1,MH
1ntygx1,SI
1ntyid4,MH
1ntyifg,HUMOR
1ntyiuf,SI
1ntynfa,MH
1ntynl7,NEU
1ntypy7,HUMOR
1ntyqva,MH
1ntysne,MH
1ntysuk,NEU
1ntyutx,MH
1ntyuz0,MH
1ntyvka,HUMOR
1ntyyww,MH
1ntz28v,MH
1ntz4u4,HUMOR
1ntz5jl,SI
1ntz5tz,HUMOR
1ntz706,MH
1ntz9c9,MH
1ntze1f,MH
1ntzhg7,MH
1ntzhow,MH
1ntzjit,MH
1ntzmag,MH
1ntzn7z,NEU
1ntzn9r,HUMOR
1ntzp3a,HUMOR
1ntzqo3,MH
1ntzr0f,MH
1ntzrlx,SI
1ntzrmk,MH
1ntzxjg,SI
1ntzy04,HUMOR
1nu00tz,MH
1nu03i9,MH
1nu03q6,HUMOR
1nu04y4,MH
1nu05hy,SI
1nu0a36,NEU
1nu0ben,HUMOR
1nu0c54,HUMOR
1nu0dxm,MH
1nu0fff,HUMOR
1nu0it1,SI
1nu0nov,SI
1nu0p9d,SI
1nu0res,MH
1nu0s0t,MH
1nu0s8c,HUMOR
1nu0shj,MH
1nu0tbl,HUMOR
1nu0te9,MH
1nu0u96,HUMOR
1nu0w52,SI
1nu0ws6,MH
1nu0xtr,SI
1nu0xvt,MH
1nu102f,MH
1nu105z,MH
1nu10he,MH
1nu11a4,MH
1nu11w3,MH
1nu13cq,NEU
1nu13oi,MH
1nu17nf,MH
1nu18rn,SI
1nu19gz,MH
1nu19qy,MH
1nu19xh,MH
1nu1a6f,SI
1nu1aqj,HUMOR
1nu1b7k,MH
1nu1bo7,SI
1nu1fa0,NEU
1nu1i26,MH
1nu1j97,MH
1nu1jpj,SI
1nu1m29,MH
1nu1pl6,MH
1nu1psb,HUMOR
1nu1psk,MH
1nu1pzl,HUMOR
1nu1rmu,MH
1nu1taw,MH
1nu1x7w,SI
1nu1xms,MH
1nu1zq2,MH
1nu22ma,HUMOR
1nu231k,MH
1nu27gr,MH
1nu28mu,SI
1nu29hd,MH
1nu2ahm,MH
1nu2fmy,MH
1nu2hbd,MH
1nu2jjg,MH
1nu2o5y,SI
1nu2pmx,MH
1nu2qyn,NEU
1nu2rvi,NEU
1nu2tix,NEU
1nu2u63,MH
1nu2utp,HUMOR
1nu2v03,HUMOR
1nu2vh9,SI
1nu2xc6,MH
1nu2yct,MH
1nu2zvp,SI
1nu3097,NEU
1nu30yl,SI
1nu30z4,NEU
1nu33i9,MH
1nu362g,SI
1nu3761,SI
1nu398z,NEU
1nu3ctw,MH
1nu3et7,SI
1nu3ib9,NEU
1nu3nml,MH
1nu3t28,MH
1nu3ua0,SI
1nu3xsp,MH
1nu4psq,MH
1nu61gw,SI
1nu7kns,HUMOR
1nu7ow2,MH
1nu8os0,MH
1nu9c7v,MH
1nu9iui,MH
1nua5hc,SI
1nuafmk,MH
1nubhqq,MH
1nuce87,MH
1nucmbn,MH
1nucux1,MH
1nud2h0,MH
1nue7oh,MH
1nuekhm,MH
1nufl83,MH
1nufvhv,SI
1nug17w,MH
1nugfjr,MH
1nugpip,NEU
1nuguqi,MH
1nugzh8,SI
1nuh6u7,MH
1nuh7nq,MH
1nuhfv9,MH
1nuhqw6,SI
1nuhz3w,SI
1nui7ou,MH
1nui8zl,SI
1nuig3l,SI
1nuixv8,NEU
1nuiy1j,MH
1nuizc2,MH
1nuj3tq,MH
1nujf4q,MH
1nuk6eb,MH
1nukdyc,MH
1nuki5j,SI
1nukv96,MH
1nul68e,MH
1nul71h,MH
1nulazy,MH
1nuloar,MH
1nulp9i,MH
1nulrg8,MH
1nulybf,MH
1nulzmr,MH
1num57n,MH
1num5yd,MH
1numbrv,MH
1numgli,MH
1nump00,MH
1nun0nk,MH
1nun4ai,MH
1nung1r,MH
1nuni2o,HUMOR
1nunm9e,MH
1nunp0e,MH
1nunq38,MH
1nuoapa,MH
1nuoch2,SI
1nuojlo,MH
1nuoq4l,MH
1nuoshp,SI
1nuotuh,MH
1nuoy70,MH
1nup3vr,MH
1nupgww,MH
1nuplg6,MH
1nupnem,MH
1nupqci,SI
1nupybz,MH
1nupzw1,MH
1nuq061,SI
1nuq0c0,SI
1nuq13p,MH
1nuq1pj,MH
1nuq457,MH
1nuq6q8,MH
1nuqaoo,MH
1nuqb2a,MH
1nuqem3,MH
1nuqhug,MH
1nuqj29,MH
1nuqjfc,MH
1nuqrkc,SI
1nuqwj6,MH
1nuqwr6,MH
1nuqxaw,MH
1nuqzd4,MH
1nuqzmz,MH
1nurcqn,SI
1nuriwg,MH
1nurk6h,MH
1nuro86,SI
1nurojr,MH
1nurp0h,MH
1nurr9r,MH
1nurrzf,SI
1nurt0m,SI
1nuryjm,MH
1nus6bo,SI
1nus6sx,MH
1nus8g5,MH
1nusa7n,MH
1nusb4z,MH
1nusbbf,MH
1nusd8i,SI
1nusju9,MH
1nuso57,SI
1nusp1w,SI
1nuss5b,MH
1nussrh,SI
1nusxxv,MH
1nut1lv,MH
1nut2mu,MH
1nut3zw,MH
1nut55m,MH
1nut74s,SI
1nutboy,MH
1nuthjp,SI
1nuti1o,MH
1nutl7i,MH
1nutpsx,MH
1nutr6k,MH
1nutscr,SI
1nutxba,SI
1nuu0f6,MH
1nuuc1c,MH
1nuuc5u,MH
1nuudhp,SI
1nuuf62,MH
1nuui2q,SI
1nuui3z,MH
1nuuj5s,MH
1nuunrx,MH
1nuup8y,NEU
1nuusru,SI
1nuuue9,MH
1nuuwf1,MH
1nuuwii,MH
1nuuwy6,MH
1nuuywz,SI
1nuuyyo,NEU
1nuv0yf,MH
1nuv4gu,MH
1nuv4jk,MH
1nuv8ku,NEU
1nuv90j,MH
1nuvbik,MH
1nuvbrh,SI
1nuvc4m,MH
1nuvcla,MH
1nuvd6s,MH
1nuvdnw,NEU
1nuvexf,MH
1nuvunr,NEU
1nuvvx3,MH
1nuvxe2,MH
1nuvz2c,NEU
1nuw0qq,SI
1nuw0sf,MH
1nuw1qe,MH
1nuweno,MH
1nuwhkm,SI
1nuwn03,MH
1nuwo08,MH
1nuwpqk,NEU
1nuy6s0,HUMOR
1nuy70k,HUMOR
1nv05cw,MH
1nv0dma,MH
1nv0sya,MH
1nv2jat,HUMOR
1nv4shr,MH
1nv517t,HUMOR
1nv79xv,MH
1nv7ffn,SI
1nvafn6,MH
1nvdkvl,MH
1nvds2f,MH
1nvebhl,MH
1nvela5,MH
1nvfauc,HUMOR
1nvfuor,HUMOR
1nvh5kz,HUMOR
1nvhavx,MH
1nvhdfu,MH
1nvhq7x,MH
1nvi975,MH
1nvicgv,HUMOR
1nviwrj,HUMOR
1nvmamx,MH
1nvmo3p,MH
1nvn3bk,HUMOR
1nvnzhk,MH
1nvnzug,MH
1nvo9jq,MH
1nvonoy,MH
1nvpna8,SI
1nvreis,NEU
1nvs8jj,MH
1nvs8kj,SI
1nvsckv,MH
1nvsnfk,SI
1nvt615,MH
1nvtfn0,MH
1nvtruj,MH
1nvu3py,NEU
1nvu66x,SI
1nvu8n1,MH
1nvuanh,SI
1nvur0u,NEU
1nvuump,MH
1nvux5n,MH
1nvvfdu,MH
1nvw5e7,NEU
1nvw6se,MH
1nvwhgw,MH
1nvwlt2,MH
1nvx2w5,HUMOR
1nvxl6u,HUMOR
1nvy0fz,MH
1nvy1qe,HUMOR
1nvyr61,MH
1nvyw0a,MH
1nvyxqg,MH
1nvzoix,HUMOR
1nvzoq3,MH
1nvzy6j,MH
1nw08lp,NEU
1nw0es5,HUMOR
1nw0nsb,HUMOR
1nw18pj,HUMOR
1nw1abs,HUMOR
1nw1c2z,HUMOR
1nw1lfe,MH
1nw1riq,HUMOR
1nw1w84,HUMOR
1nw1xdb,HUMOR
1nw223k,SI
1nw255m,SI
1nw31ar,SI
1nw39fj,HUMOR
1nw3ktc,MH
1nw3lbz,MH
1nw3m69,MH
1nw3oz2,MH
1nw43fx,MH
1nw568b,HUMOR
1nw5nns,SI
1nw5phw,HUMOR
1nw5sle,SI
1nw62lz,MH
1nw6hyc,NEU
1nw6pmr,MH
1nw6xpm,MH
1nw7u8c,HUMOR
1nw884y,SI
1nw89n2,MH
1nw8izt,NEU
1nw8o8d,MH
1nw91vn,HUMOR
1nw92tm,NEU
1nw941m,HUMOR
1nw9cce,HUMOR
1nw9m7i,MH
1nw9qak,NEU
1nw9ru8,MH
1nw9tha,SI
1nwa734,MH
1nwa77g,NEU
1nwa7wf,MH
1nwanau,HUMOR
1nware6,MH
1nwargc,SI
1nwb1jo,NEU
1nwb4zz,MH
1nwb5ry,MH
1nwb8lv,MH
1nwbr72,HUMOR
1nwbtca,MH
1nwc7ak,MH
1nwccco,SI
1nwccod,MH
1nwcl8f,MH
1nwcnte,MH
1nwcsxo,MH
1nwcvz9,NEU
1nwczw5,MH
1nwd1pv,HUMOR
1nwd3kl,MH
1nwd86t,SI
1nwdd80,MH
1nwdllf,NEU
1nwdmdt,MH
1nwdzh0,MH
1nwe1vr,HUMOR
1nwe4ic,MH
1nwej4c,SI
1nwekt5,HUMOR
1nwf5lm,SI
1nwf7en,MH
1nwf9lc,MH
1nwfj7q,MH
1nwfmyf,HUMOR
1nwfoug,MH
1nwfrmd,MH
1nwfsce,MH
1nwg3lo,HUMOR
1nwg3xq,SI
1nwg5es,NEU
1nwg8dt,MH
1nwgkrp,MH
1nwgvb1,MH
1nwgz0g,SI
1nwh2o5,MH
1nwh34c,MH
1nwh6rw,HUMOR
1nwhapf,SI
1nwhdtw,MH
1nwhfd9,HUMOR
1nwhkq6,MH
1nwhqj7,MH
1nwhqof,MH
1nwhyse,MH
1nwi5y9,MH
1nwi6b1,MH
1nwih9h,MH
1nwihv0,HUMOR
1nwimyv,MH
1nwisr0,SI
1nwistq,MH
1nwiy2u,MH
1nwiyn3,MH
1nwj0l4,MH
1nwj2ko,MH
1nwj3mw,SI
1nwje4q,MH
1nwjf8k,MH
1nwjgx5,MH
1nwjhld,MH
1nwjq5g,HUMOR
1nwjsg5,MH
1nwk0r1,SI
1nwk0r8,MH
1nwk1uv,SI
1nwk52i,SI
1nwk82v,SI
1nwkcn0,MH
1nwkf1z,SI
1nwkidt,HUMOR
1nwkom2,MH
1nwkpa5,SI
1nwkv2r,SI
1nwkxsh,SI
1nwl0rk,HUMOR
1nwlc9c,SI
1nwlglh,MH
1nwlie3,HUMOR
1nwllqt,MH
1nwln9t,MH
1nwloyg,MH
1nwlqa5,MH
1nwlrbi,MH
1nwlt3d,SI
1nwm16z,SI
1nwm4mc,HUMOR
1nwm7c6,SI
1nwm8tx,MH
1nwmafl,SI
1nwmhv1,MH
1nwmjf0,SI
1nwmjlz,MH
1nwmjvc,MH
1nwmtdt,SI
1nwmvuv,SI
1nwmxrb,SI
1nwmzrf,SI
1nwn5qb,SI
1nwn6l7,MH
1nwn7a6,MH
1nwn7mm,SI
1nwn7o5,SI
1nwnij8,SI
1nwnim2,MH
1nwnl02,MH
1nwnljz,MH
1nwnmrf,SI
1nwnqtq,SI
1nwnskj,SI
1nwnw4f,MH
1nwnxgh,SI
1nwo11g,MH
1nwo1s6,SI
1nwo3ul,MH
1nwo3wr,SI
1nwo55n,SI
1nwo5sd,SI
1nwo65m,MH
1nwo6u7,SI
1nwo8vh,SI
1nwoa0o,SI
1nwobg9,MH
1nwobus,SI
1nwocff,SI
1nwocrg,SI
1nwod7k,SI
1nwoe27,SI
1nwoe64,SI
1nwog83,SI
1nwoj3m,SI
1nwom0i,SI
1nwopwq,SI
1nwowbv,SI
1nwp3lz,SI
1nwp493,SI
1nwp7x7,SI
1nwpblw,MH
1nwpelw,SI
1nwphld,MH
1nwpipn,HUMOR
1nwpjpw,MH
1nwpqte,SI
1nwprka,SI
1nwpsgv,MH
1nwpsku,SI
1nwpss0,MH
1nwpu0u,SI
1nwpvtk,NEU
1nwpyux,SI
1nwpyyn,SI
1nwpz67,SI
1nwq07j,SI
1nwq0gw,SI
1nwq0tq,SI
1nwq13g,SI
1nwq5fz,MH
1nwqc3b,MH
1nwqjpv,HUMOR
1nwqps0,SI
1nwqs9z,MH
1nwqtfj,SI
1nwqth6,NEU
1nwr0el,MH
1nwr4wi,NEU
1nwr8wc,SI
1nwrgh1,HUMOR
1nwrhw5,SI
1nwrk1u,SI
1nwrmcw,HUMOR
1nwrqrv,MH
1nwrroe,SI
1nwru0v,NEU
1nwrxa2,MH
1nwrxph,MH
1nwrzec,SI
1nwrzfb,MH
1nws17z,SI
1nws5t6,SI
1nws5v6,HUMOR
1nws67k,MH
1nws6ny,SI
1nws8rz,MH
1nws974,SI
1nws9do,MH
1nwsa7c,SI
1nwsdk4,SI
1nwse8u,MH
1nwsee2,SI
1nwsekq,SI
1nwsgdf,SI
1nwsmqr,HUMOR
1nwsqnd,MH
1nwsqwn,SI
1nwsvzf,MH
1nwt18l,SI
1nwt1ye,SI
1nwt2m3,SI
1nwt5vn,SI
1nwt72u,HUMOR
1nwt7jy,SI
1nwt91x,MH
1nwtc9m,SI
1nwtcb7,SI
1nwtdhx,MH
1nwtetp,SI
1nwtpdu,MH
1nwts0z,MH
1nwtv31,MH
1nwtwix,SI
1nwtwz7,SI
1nwtxrd,NEU
1nwu2y4,MH
1nwuboz,SI
1nwuelu,SI
1nwueuj,MH
1nwuf7x,HUMOR
1nwuliu,HUMOR
1nwulpy,SI
1nwuooa,HUMOR
1nwuqja,SI
1nwuudt,SI
1nwuvfk,SI
1nwuzrl,HUMOR
1nwv0ln,SI
1nwv1u2,SI
1nwvaxc,MH
1nwvc4f,HUMOR
1nwvu1t,SI
1nwvzzn,SI
1nww2yt,SI
1nww7or,MH
1nww83z,MH
1nwwbah,MH
1nwwfg5,MH
1nwwhtp,SI
1nwwijq,MH
1nwwk11,MH
1nwwmum,HUMOR
1nwwqfh,SI
1nwwt00,SI
1nwwx52,SI
1nwwy4m,MH
1nwx2g9,SI
1nwx56z,SI
1nwxfuq,MH
1nwxgh5,SI
1nwxhx0,SI
1nwxl6z,SI
1nwxlrl,SI
1nwxpko,MH
1nwxqwe,SI
1nwxts9,SI
1nwxtxc,MH
1nwxwhp,MH
1nwxwyo,SI
1nwy01h,MH
1nwy0ob,MH
1nwy26i,MH
1nwy797,SI
1nwybbw,MH
1nwyc7j,SI
1nwymjp,SI
1nwyr0z,MH
1nwyvsy,SI
1nwyx9c,MH
1nwyxnb,SI
1nwz186,SI
1nwz2bd,SI
1nwz3ad,MH
1nwz48l,MH
1nwz5af,SI
1nwz83f,SI
1nwzaip,MH
1nwzcjw,MH
1nwzfsq,MH
1nwzo1y,MH
1nwzoaz,MH
1nwzu3x,MH
1nwzwr2,SI
1nwzwu5,MH
1nwzxyq,MH
1nx0c68,SI
1nx0cgi,SI
1nx0f8q,SI
1nx0puj,SI
1nx0qmk,SI
1nx0vvz,SI
1nx11gm,SI
1nx1fmw,HUMOR
1nx1fod,SI
1nx1oje,SI
1nx1ykb,SI
1nx24jg,SI
1nx24uw,MH
1nx250y,SI
1nx254n,MH
1nx2fib,MH
1nx2hy3,MH
1nx2qq5,SI
1nx2uwr,MH
1nx2vaa,MH
1nx2y04,SI
1nx2zt1,MH
1nx3602,MH
1nx37gi,SI
1nx38fi,SI
1nx39gh,SI
1nx3b4y,HUMOR
1nx3eqc,MH
1nx3evw,SI
1nx3qli,SI
1nx3spz,MH
1nx3svf,MH
1nx3wr9,SI
1nx3z0s,SI
1nx3z12,SI
1nx42xj,SI
1nx444i,SI
1nx4bht,MH
1nx4jgm,SI
1nx4o3v,SI
1nx4ong,SI
1nx4u0w,SI
1nx507o,SI
1nx50rj,SI
1nx56r3,SI
1nx56zn,SI
1nx57yf,MH
1nx58k7,MH
1nx5jwi,MH
1nx5lhk,MH
1nx5the,SI
1nx63tv,SI
1nx652c,MH
1nx6da9,NEU
1nx6pkl,MH
1nx6r3o,NEU
1nx6vwh,MH
1nx6wgm,MH
1nx7ivo,MH
1nx7lld,SI
1nx7nle,MH
1nx7ooz,MH
1nx7shy,MH
1nx80th,MH
1nx83t2,MH
1nx86u3,SI
1nx8wss,SI
1nx92t8,MH
1nx951b,MH
1nx996f,SI
1nx9cup,MH
1nx9f7o,MH
1nx9hlz,SI
1nx9uod,MH
1nxa6tg,MH
1nxa8xr,MH
1nxab63,MH
1nxad1v,MH
1nxafqo,HUMOR
1nxan12,MH
1nxatau,MH
1nxatmz,MH
1nxauhb,MH
1nxaxz7,SI
1nxb4nv,SI
1nxbnsz,HUMOR
1nxbspa,MH
1nxby2t,SI
1nxc5rk,MH
1nxca2g,MH
1nxccnd,MH
1nxcecv,HUMOR
1nxcwi8,MH
1nxd7yn,MH
1nxdfji,MH
1nxdhhy,SI
1nxdihp,MH
1nxdil7,SI
1nxdtdk,SI
1nxdzpq,SI
1nxe65s,HUMOR
1nxe65q,MH
1nxe813,SI
1nxea77,SI
1nxebku,SI
1nxee7w,SI
1nxef93,SI
1nxeheo,MH
1nxei4w,SI
1nxel18,SI
1nxelg0,MH
1nxelld,SI
1nxemzv,SI
1nxeo5c,SI
1nxevyn,SI
1nxez4z,SI
1nxezig,SI
1nxf46e,MH
1nxfdi8,SI
1nxfdp6,SI
1nxfi68,SI
1nxfk0c,SI
1nxfka3,MH
1nxfmdw,SI
1nxfmrj,SI
1nxfp4c,MH
1nxfp9t,SI
1nxfqkm,SI
1nxfqv6,MH
1nxfrmp,MH
1nxfsoe,MH
1nxfxgy,SI
1nxfy53,HUMOR
1nxfyr6,SI
1nxfzce,MH
1nxg025,MH
1nxg0r8,MH
1nxg1b9,MH
1nxg7mx,MH
1nxg8kb,SI
1nxgaf5,SI
1nxgbm5,SI
1nxgetr,MH
1nxgrpw,MH
1nxgtt3,MH
1nxh079,SI
1nxh52w,MH
1nxh74p,SI
1nxh7ly,SI
1nxh7sr,SI
1nxh83v,MH
1nxhape,SI
1nxhbhp,SI
1nxhbul,MH
1nxhc6y,SI
1nxhdh7,MH
1nxhjc3,SI
1nxhlu2,MH
1nxhmm3,MH
1nxhock,SI
1nxhpdg,SI
1nxhpok,SI
1nxhq1e,SI
1nxhro7,MH
1nxhw8y,SI
1nxhy7w,MH
1nxi2kq,SI
1nxi3fb,MH
1nxi52e,SI
1nxi5rk,SI
1nxi6k8,MH
1nxifhi,MH
1nxig8j,MH
1nxigqk,MH
1nxin1d,MH
1nxin1t,MH
1nxira5,HUMOR
1nxis76,SI
1nxj6vb,SI
1nxj85t,SI
1nxjb29,SI
1nxjdqa,MH
1nxjjky,SI
1nxk1o1,SI
1nxk700,MH
1nxk7j1,MH
1nxkdxa,MH
1nxkeo9,MH
1nxkjpc,MH
1nxkrep,MH
1nxkrxl,MH
1nxkwrj,MH
1nxla81,MH
1nxlhdb,NEU
1nxlidm,MH
1nxlnda,SI
1nxlp8g,SI
1nxlpcs,SI
1nxlxnt,MH
1nxly93,MH
1nxlyu7,SI
1nxm0ch,MH
1nxm1sa,MH
1nxm2q4,NEU
1nxm4yr,SI
1nxm9ft,HUMOR
1nxmau4,SI
1nxmdpt,MH
1nxmgl0,SI
1nxmm04,SI
1nxmmks,NEU
1nxmvtu,SI
1nxmyyf,MH
1nxmz7j,SI
1nxn33l,SI
1nxn5k7,MH
1nxnav0,MH
1nxng4r,HUMOR
1nxnix1,SI
1nxnp8i,MH
1nxnpjk,MH
1nxntmm,SI
1nxnumv,MH
1nxnzny,SI
1nxo2zv,SI
1nxo398,SI
1nxo7si,MH
1nxo8gr,SI
1nxofd3,NEU
1nxoiqk,HUMOR
1nxokpx,SI
1nxom6n,SI
1nxomfr,SI
1nxonud,MH
1nxopec,SI
1nxoqtj,MH
1nxotmu,MH
1nxovb4,SI
1nxovw2,MH
1nxowyl,SI
1nxoxsk,SI
1nxoz44,SI
1nxp0pz,MH
1nxp1gf,SI
1nxp1xb,MH
1nxp4wb,MH
1nxp56v,SI
1nxp6x1,SI
1nxp78a,MH
1nxp7fe,SI
1nxpbvz,SI
1nxpcve,HUMOR
1nxpjfi,SI
1nxpmcl,NEU
1nxpn5q,MH
1nxpnf0,SI
1nxpslk,HUMOR
1nxq9d6,SI
1nxqb97,HUMOR
1nxqnrx,MH
1nxqson,SI
1nxqx1w,SI
1nxqzu9,MH
1nxqzx7,SI
1nxr265,MH
1nxr4gg,MH
1nxr6la,MH
1nxrafq,SI
1nxrjvy,SI
1nxrng9,MH
1nxrqwr,MH
1nxrr1c,MH
1nxrrnt,SI
1nxrzty,SI
1nxs39f,SI
1nxs3i9,SI
1nxs4bo,MH
1nxs7i6,MH
1nxsa3e,MH
1nxsaa5,MH
1nxsb34,SI
1nxse7h,SI
1nxsevn,SI
